-- MySQL dump 10.13  Distrib 5.7.42, for Linux (x86_64)
--
-- Host: localhost    Database: linkdin_api
-- ------------------------------------------------------
-- Server version	5.7.42-0ubuntu0.18.04.1

/*!40101 SET @OLD_CHARACTER_SET_CLIENT=@@CHARACTER_SET_CLIENT */;
/*!40101 SET @OLD_CHARACTER_SET_RESULTS=@@CHARACTER_SET_RESULTS */;
/*!40101 SET @OLD_COLLATION_CONNECTION=@@COLLATION_CONNECTION */;
/*!40101 SET NAMES utf8 */;
/*!40103 SET @OLD_TIME_ZONE=@@TIME_ZONE */;
/*!40103 SET TIME_ZONE='+00:00' */;
/*!40014 SET @OLD_UNIQUE_CHECKS=@@UNIQUE_CHECKS, UNIQUE_CHECKS=0 */;
/*!40014 SET @OLD_FOREIGN_KEY_CHECKS=@@FOREIGN_KEY_CHECKS, FOREIGN_KEY_CHECKS=0 */;
/*!40101 SET @OLD_SQL_MODE=@@SQL_MODE, SQL_MODE='NO_AUTO_VALUE_ON_ZERO' */;
/*!40111 SET @OLD_SQL_NOTES=@@SQL_NOTES, SQL_NOTES=0 */;

--
-- Table structure for table `error_detail`
--

DROP TABLE IF EXISTS `error_detail`;
/*!40101 SET @saved_cs_client     = @@character_set_client */;
/*!40101 SET character_set_client = utf8 */;
CREATE TABLE `error_detail` (
  `id` int(11) NOT NULL AUTO_INCREMENT,
  `user_token` longtext NOT NULL,
  `creative_id` int(11) NOT NULL,
  `message` longtext NOT NULL,
  `error_path` longtext NOT NULL,
  `response_code` int(11) NOT NULL DEFAULT '0',
  `is_display` tinyint(1) NOT NULL DEFAULT '0',
  `created_at` timestamp NOT NULL DEFAULT CURRENT_TIMESTAMP ON UPDATE CURRENT_TIMESTAMP,
  PRIMARY KEY (`id`)
) ENGINE=InnoDB AUTO_INCREMENT=187 DEFAULT CHARSET=utf8;
/*!40101 SET character_set_client = @saved_cs_client */;

--
-- Dumping data for table `error_detail`
--

LOCK TABLES `error_detail` WRITE;
/*!40000 ALTER TABLE `error_detail` DISABLE KEYS */;
INSERT INTO `error_detail` VALUES (22,'199',204601806,'Need admin permission','from common update campaign',403,1,'2022-12-15 07:07:14'),(23,'174',242174766,'Ads not updated','from common update campaign',0,1,'2023-03-12 07:10:07'),(24,'174',242172706,'Trying to get property \'elements\' of non-object','from common updateCampaign cron',0,1,'2023-03-12 07:10:19'),(25,'174',242175676,'Trying to get property \'elements\' of non-object','from common updateCampaign cron',0,1,'2023-03-12 07:11:07'),(26,'174',247361586,'Trying to get property \'specificContent\' of non-object','from common updateCreative cron',0,1,'2023-03-17 10:26:31'),(27,'174',246722056,'Creating default object from empty value','from common updateCreative cron',0,1,'2023-03-23 10:45:43'),(28,'174',246722056,'Undefined property: stdClass::$callToAction','from common updateCreative cron',0,1,'2023-03-23 10:52:09'),(29,'174',246722056,'Undefined property: stdClass::$callToAction','from common updateCreative cron',0,1,'2023-03-23 10:52:19'),(30,'174',246722056,'Undefined variable: desired_utm_parameterm','from common updateCreative cron',0,1,'2023-03-23 10:55:07'),(31,'174',246722056,'Undefined variable: desired_utm_parameterm','from common updateCreative cron',0,1,'2023-03-23 10:55:17'),(32,'174',246722056,'Undefined variable: desired_utm_parameterm','from common updateCreative cron',0,1,'2023-03-23 10:55:30'),(33,'174',246722056,'Undefined variable: desired_utm_parameterm','from common updateCreative cron',0,1,'2023-03-23 10:55:36'),(34,'174',246722056,'Undefined variable: desired_utm_parameterm','from common updateCreative cron',0,1,'2023-03-23 10:56:07'),(35,'174',246722056,'Undefined variable: desired_utm_parameterm','from common updateCreative cron',0,1,'2023-03-23 10:58:06'),(36,'174',246722056,'Undefined variable: desired_utm_parameterm','from common updateCreative cron',0,1,'2023-03-23 10:59:29'),(37,'174',246722056,'Undefined variable: desired_utm_parameterm','from common updateCreative cron',0,1,'2023-03-23 10:59:41'),(38,'174',246722056,'Undefined variable: desired_utm_parameterm','from common updateCreative cron',0,1,'2023-03-23 11:00:05'),(39,'174',246722056,'Undefined variable: desired_utm_parameterm','from common updateCreative cron',0,1,'2023-03-23 11:01:05'),(40,'174',246722056,'Undefined variable: desired_utm_parameterm','from common updateCreative cron',0,1,'2023-03-23 11:01:17'),(41,'174',246722056,'Undefined variable: desired_utm_parameterm','from common updateCreative cron',0,1,'2023-03-23 11:01:23'),(42,'174',246722056,'Undefined variable: desired_utm_parameterm','from common updateCreative cron',0,1,'2023-03-23 11:02:29'),(43,'174',246722056,'Undefined variable: desired_utm_parameterm','from common updateCreative cron',0,1,'2023-03-23 11:02:29'),(44,'174',246722056,'Undefined variable: desired_utm_parameterm','from common updateCreative cron',0,1,'2023-03-23 11:02:35'),(45,'174',246722056,'Undefined variable: desired_utm_parameterm','from common updateCreative cron',0,1,'2023-03-23 11:02:35'),(46,'174',246722056,'Undefined variable: desired_utm_parameterm','from common updateCreative cron',0,1,'2023-03-23 11:02:41'),(47,'174',246722056,'Undefined variable: desired_utm_parameterm','from common updateCreative cron',0,1,'2023-03-23 11:02:41'),(48,'174',246722056,'Undefined property: stdClass::$callToAction','from common updateCreative cron',0,1,'2023-03-23 11:05:11'),(49,'174',246722056,'Undefined property: stdClass::$callToAction','from common updateCreative cron',0,1,'2023-03-23 11:05:11'),(50,'174',246722056,'Undefined property: stdClass::$callToAction','from common updateCreative cron',0,1,'2023-03-23 11:05:17'),(51,'174',246722056,'Undefined property: stdClass::$callToAction','from common updateCreative cron',0,1,'2023-03-23 11:05:23'),(52,'174',246722056,'Undefined property: stdClass::$com','from common updateCreative cron',0,1,'2023-03-23 11:07:47'),(53,'174',246722056,'Undefined property: stdClass::$com','from common updateCreative cron',0,1,'2023-03-23 11:07:47'),(54,'174',246722056,'Undefined property: stdClass::$com','from common updateCreative cron',0,1,'2023-03-23 11:08:47'),(55,'174',246722056,'Undefined property: stdClass::$com','from common updateCreative cron',0,1,'2023-03-23 11:08:47'),(56,'174',246722056,'Undefined property: stdClass::$com','from common updateCreative cron',0,1,'2023-03-23 11:09:47'),(57,'174',246722056,'Undefined property: stdClass::$com','from common updateCreative cron',0,1,'2023-03-23 11:09:47'),(58,'174',246722056,'Trying to get property \'specificContent\' of non-object','from common updateCreative cron',0,1,'2023-03-23 11:10:47'),(59,'174',209185976,'Ads not updated','from common update campaign',409,1,'2023-03-29 05:13:48'),(60,'174',243687646,'Creating default object from empty value','from common updateCampaign cron',0,1,'2023-03-29 05:13:53'),(61,'174',243687646,'Creating default object from empty value','from common updateCampaign cron',0,1,'2023-03-29 09:45:39'),(62,'174',211729256,'Ads not updated','from common update campaign',409,1,'2023-03-29 10:08:10'),(63,'174',211731326,'Ads not updated','from common update campaign',409,1,'2023-03-29 10:08:22'),(64,'174',212178886,'Ads not updated','from common update campaign',409,1,'2023-03-29 10:08:28'),(65,'174',211731316,'Ads not updated','from common update campaign',409,1,'2023-03-29 10:08:34'),(66,'174',211729246,'Ads not updated','from common update campaign',409,1,'2023-03-29 10:08:46'),(67,'174',212852746,'Ads not updated','from common update campaign',409,1,'2023-03-29 10:08:52'),(68,'174',212187786,'Ads not updated','from common update campaign',409,1,'2023-03-29 10:09:22'),(69,'174',212178866,'Ads not updated','from common update campaign',409,1,'2023-03-29 10:09:28'),(70,'174',212852826,'Ads not updated','from common update campaign',409,1,'2023-03-29 10:09:35'),(71,'174',212852826,'Ads not updated','from common update campaign',409,1,'2023-03-29 10:27:18'),(72,'174',243687646,'Creating default object from empty value','from common updateCampaign cron',0,1,'2023-03-29 10:28:07'),(73,'174',243687646,'Creating default object from empty value','from common updateCampaign cron',0,1,'2023-03-29 10:38:13'),(74,'174',243687646,'Creating default object from empty value','from common updateCampaign cron',0,1,'2023-03-29 11:24:46'),(75,'174',243687646,'Creating default object from empty value','from common updateCampaign cron',0,1,'2023-03-29 11:25:02'),(76,'174',211729916,'Ads not updated','from common update campaign',409,1,'2023-03-29 11:26:32'),(77,'174',245291856,'Ads not updated','from common update campaign',409,1,'2023-03-29 11:26:56'),(78,'174',248809666,'Ads not updated','from common update campaign',409,1,'2023-03-29 11:27:14'),(79,'174',242172576,'Ads not updated','from common update campaign',409,1,'2023-03-29 11:27:26'),(80,'174',245291756,'Ads not updated','from common update campaign',409,1,'2023-03-29 11:27:38'),(81,'174',242172706,'Ads not updated','from common update campaign',409,1,'2023-03-29 11:27:44'),(82,'174',248791876,'Ads not updated','from common update campaign',409,1,'2023-03-29 11:28:02'),(83,'174',242174346,'Ads not updated','from common update campaign',409,1,'2023-03-29 11:28:20'),(84,'174',242174426,'Ads not updated','from common update campaign',409,1,'2023-03-29 11:59:36'),(85,'174',246722126,'Ads not updated','from common update campaign',409,1,'2023-03-29 12:00:00'),(86,'174',248791876,'Ads not updated','from common update campaign',409,1,'2023-03-29 12:00:06'),(87,'174',246722136,'Ads not updated','from common update campaign',409,1,'2023-03-29 12:00:12'),(88,'174',242172496,'Ads not updated','from common update campaign',409,1,'2023-03-29 12:00:24'),(89,'174',242172496,'Ads not updated','from common update campaign',409,1,'2023-03-29 12:00:30'),(90,'174',242174346,'Ads not updated','from common update campaign',409,1,'2023-03-29 12:02:41'),(91,'174',243687646,'Creating default object from empty value','from common updateCampaign cron',0,1,'2023-03-29 12:11:11'),(92,'174',243687646,'Creating default object from empty value','from common updateCampaign cron',0,1,'2023-03-29 12:25:08'),(93,'174',243687646,'Creating default object from empty value','from common updateCampaign cron',0,1,'2023-03-29 12:27:12'),(94,'174',209185986,'Ads not updated','from common update campaign',409,1,'2023-03-29 12:42:28'),(95,'174',245291406,'Ads not updated','from common update campaign',409,1,'2023-03-29 12:42:39'),(96,'174',209185976,'Ads not updated','from common update campaign',409,1,'2023-03-29 12:42:45'),(97,'174',243687646,'Creating default object from empty value','from common updateCampaign cron',0,1,'2023-03-29 12:42:51'),(98,'174',243687646,'Creating default object from empty value','from common updateCampaign cron',0,1,'2023-03-29 12:43:19'),(99,'174',245291406,'Ads not updated','from common update campaign',409,1,'2023-03-29 12:45:38'),(100,'174',209185976,'Ads not updated','from common update campaign',409,1,'2023-03-29 12:45:50'),(119,'174',214551714,'Ads not updated','from common update campaign',400,1,'2023-05-23 12:46:06'),(120,'174',214551714,'Ads not updated','from common update campaign',400,1,'2023-05-23 12:55:40'),(121,'174',214551714,'Ads not updated','from common update campaign',400,1,'2023-05-23 13:13:06'),(122,'174',246281883,'Need admin permission','from common update campaign',403,1,'2023-05-24 09:43:12'),(123,'174',261996256,'Need admin permission','from common update campaign',403,1,'2023-05-31 06:22:46'),(124,'174',225166994,'Ads not updated','from common update campaign',409,1,'2023-07-24 11:26:56'),(125,'174',225167004,'Ads not updated','from common update campaign',409,1,'2023-07-31 06:29:31'),(126,'174',225167024,'Ads not updated','from common update campaign',409,1,'2023-07-31 06:29:37'),(127,'174',225167044,'Ads not updated','from common update campaign',409,1,'2023-07-31 06:29:42'),(128,'174',275485966,'Ads not updated','from common update campaign',409,1,'2023-07-31 12:29:52'),(129,'174',275486326,'Ads not updated','from common update campaign',409,1,'2023-07-31 12:30:52'),(130,'174',275486166,'Ads not updated','from common update campaign',409,1,'2023-07-31 12:31:52'),(131,'174',275485846,'Ads not updated','from common update campaign',409,1,'2023-07-31 12:32:52'),(132,'174',270641016,'Ads not updated','from common update campaign',409,1,'2023-07-31 12:33:52'),(133,'174',275486206,'Ads not updated','from common update campaign',409,1,'2023-07-31 12:34:29'),(134,'174',275485156,'Ads not updated','from common update campaign',409,1,'2023-07-31 12:34:29'),(135,'174',275485456,'Ads not updated','from common update campaign',409,1,'2023-07-31 12:34:36'),(136,'174',275484886,'Ads not updated','from common update campaign',409,1,'2023-07-31 12:34:42'),(137,'174',275485136,'Ads not updated','from common update campaign',409,1,'2023-07-31 12:34:48'),(138,'174',275484686,'Ads not updated','from common update campaign',409,1,'2023-07-31 12:34:54'),(139,'174',275484956,'Ads not updated','from common update campaign',409,1,'2023-08-02 09:33:21'),(140,'174',275484956,'Ads not updated','from common update campaign',409,1,'2023-08-02 09:33:27'),(141,'174',275485336,'Ads not updated','from common update campaign',409,1,'2023-08-02 09:33:33'),(142,'174',275479746,'Ads not updated','from common update campaign',409,1,'2023-08-02 09:33:39'),(143,'174',275487446,'Ads not updated','from common update campaign',409,1,'2023-08-02 09:33:45'),(144,'174',275487446,'Ads not updated','from common update campaign',409,1,'2023-08-02 09:33:51'),(145,'174',275487446,'Ads not updated','from common update campaign',409,1,'2023-08-02 09:33:57'),(146,'174',275487606,'Ads not updated','from common update campaign',409,1,'2023-08-02 09:34:04'),(147,'174',275487606,'Ads not updated','from common update campaign',409,1,'2023-08-02 09:34:09'),(148,'174',275487216,'Ads not updated','from common update campaign',409,1,'2023-08-02 09:34:15'),(149,'174',275487216,'Ads not updated','from common update campaign',409,1,'2023-08-02 09:34:21'),(150,'174',275487626,'Ads not updated','from common update campaign',409,1,'2023-08-02 09:34:27'),(151,'174',275487626,'Ads not updated','from common update campaign',409,1,'2023-08-02 09:34:33'),(152,'174',275487096,'Ads not updated','from common update campaign',409,1,'2023-08-02 09:34:39'),(153,'174',275487096,'Ads not updated','from common update campaign',409,1,'2023-08-02 09:34:45'),(154,'174',275480526,'Ads not updated','from common update campaign',409,1,'2023-08-02 09:34:51'),(155,'174',275480526,'Ads not updated','from common update campaign',409,1,'2023-09-06 12:50:36'),(156,'174',275480526,'Ads not updated','from common update campaign',409,1,'2023-09-06 12:50:42'),(157,'174',275480846,'Ads not updated','from common update campaign',409,1,'2023-09-06 12:50:48'),(158,'174',275480846,'Ads not updated','from common update campaign',409,1,'2023-09-06 12:50:54'),(159,'174',275480866,'Ads not updated','from common update campaign',409,1,'2023-09-06 12:51:00'),(160,'174',275480866,'Ads not updated','from common update campaign',409,1,'2023-09-06 12:51:06'),(161,'174',275480866,'Ads not updated','from common update campaign',409,1,'2023-09-06 12:51:12'),(162,'174',275480866,'Ads not updated','from common update campaign',409,1,'2023-09-06 12:51:18'),(163,'174',275480426,'Ads not updated','from common update campaign',409,1,'2023-09-06 12:51:24'),(164,'174',275480426,'Ads not updated','from common update campaign',409,1,'2023-09-06 12:51:30'),(165,'174',275480426,'Ads not updated','from common update campaign',409,1,'2023-09-11 15:52:17'),(166,'174',275480446,'Ads not updated','from common update campaign',409,1,'2023-09-11 15:52:23'),(167,'174',275480446,'Ads not updated','from common update campaign',409,1,'2023-09-11 15:52:29'),(168,'174',275480446,'Ads not updated','from common update campaign',409,1,'2023-09-11 15:52:35'),(169,'174',275480446,'Ads not updated','from common update campaign',409,1,'2023-09-11 15:52:41'),(170,'174',275480406,'Ads not updated','from common update campaign',409,1,'2023-09-11 15:52:47'),(171,'174',275480406,'Ads not updated','from common update campaign',409,1,'2023-09-11 15:52:54'),(172,'174',275480406,'Ads not updated','from common update campaign',409,1,'2023-09-11 15:52:59'),(173,'174',275480406,'Ads not updated','from common update campaign',409,1,'2023-09-11 15:53:05'),(174,'174',275480406,'Ads not updated','from common update campaign',409,1,'2023-09-11 15:53:11'),(175,'174',275480606,'Ads not updated','from common update campaign',409,1,'2023-09-11 15:53:28'),(176,'174',275480606,'Ads not updated','from common update campaign',409,1,'2023-09-11 15:53:39'),(177,'174',275480606,'Ads not updated','from common update campaign',409,1,'2023-09-11 15:53:40'),(178,'174',275480606,'Ads not updated','from common update campaign',409,1,'2023-09-11 15:53:46'),(179,'174',275480776,'Ads not updated','from common update campaign',409,1,'2023-09-11 15:53:52'),(180,'174',275480776,'Ads not updated','from common update campaign',409,1,'2023-09-11 15:53:58'),(181,'174',275480776,'Ads not updated','from common update campaign',409,1,'2023-12-10 12:20:40'),(182,'174',275480776,'Ads not updated','from common update campaign',409,1,'2023-12-10 12:20:46'),(183,'174',348611666,'Ads not updated','from common update campaign',409,1,'2023-12-21 13:23:10'),(184,'174',353111046,'Ads not updated','from common update campaign',409,1,'2024-01-04 14:08:07'),(185,'174',353120146,'Ads not updated','from common update campaign',409,0,'2024-01-04 14:07:34'),(186,'174',353120156,'Ads not updated','from common update campaign',409,0,'2024-01-04 14:07:40');
/*!40000 ALTER TABLE `error_detail` ENABLE KEYS */;
UNLOCK TABLES;

--
-- Table structure for table `user`
--

DROP TABLE IF EXISTS `user`;
/*!40101 SET @saved_cs_client     = @@character_set_client */;
/*!40101 SET character_set_client = utf8 */;
CREATE TABLE `user` (
  `id` int(11) NOT NULL AUTO_INCREMENT,
  `added_by` int(11) NOT NULL,
  `campaign_group` varchar(255) DEFAULT NULL,
  `first_name` varchar(255) DEFAULT NULL,
  `last_name` varchar(255) DEFAULT NULL,
  `user_email` varchar(255) DEFAULT NULL,
  `user_password` varchar(255) DEFAULT NULL,
  `image_path` varchar(255) DEFAULT NULL,
  `role_id` int(11) DEFAULT NULL,
  `token` varchar(255) DEFAULT NULL,
  `login_level` tinyint(11) NOT NULL COMMENT '1->Admin 2->User 3->Staff',
  `user_token` longtext,
  `user_refresh_token` longtext,
  `is_sync` tinyint(1) NOT NULL DEFAULT '0',
  `is_link` tinyint(1) NOT NULL DEFAULT '0',
  `is_active` tinyint(1) NOT NULL DEFAULT '0',
  `created_at` datetime NOT NULL DEFAULT CURRENT_TIMESTAMP,
  `updated_at` datetime DEFAULT NULL,
  PRIMARY KEY (`id`)
) ENGINE=InnoDB AUTO_INCREMENT=210 DEFAULT CHARSET=utf8;
/*!40101 SET character_set_client = @saved_cs_client */;

--
-- Dumping data for table `user`
--

LOCK TABLES `user` WRITE;
/*!40000 ALTER TABLE `user` DISABLE KEYS */;
INSERT INTO `user` VALUES (1,1,'','Super','Admin','admin@linkedin.com','a78a2313932f12ad92a876b0a3783701','super.png',1,'eyJpdiI6ImdQaVRySkk5VHpPYzFEeldYcVprZVE9PSIsInZhbHVlIjoieU5yck5JQlcvTGkwSjAwdHJyYmtNZz09IiwibWFjIjoiYTk2OGUwY2Y0N2I0Yjc4ZjU5Yzg3YmMxYjMwNmEyMjU4OWI2MmNhM2JmNDE4YTI0ZDNlMDg4YWU1ZjRmMDU1MiIsInRhZyI6IiJ9',1,'','',0,0,1,'2022-02-10 13:52:27','2022-12-14 09:24:10'),(174,0,NULL,'Gery','Slov','geryslov@gmail.com','e1aaef260db7f48558149ce9b0c2c3d8',NULL,NULL,'eyJpdiI6InJiMDJsc3pkZm5oWm9USjJaR1NQY1E9PSIsInZhbHVlIjoiL2pGOEVuNEZJQkdxancybEw2OElPQT09IiwibWFjIjoiZWU5MzVkOWQ2NWI5N2Q4ZTQ1OGMwNWRkNjU2ZGNiYTg0ZGNjOTEzNWNhNzRiZTVmODVmOTQ0Y2ZiN2I1NGE0YyIsInRhZyI6IiJ9',2,'AQXcqbLMD8q8VwPUL50xSe14BNmaSOZzEkgBxxyha3GBn7ZiETt2pgBcaWUX5N2Ac07eNGFTWU60Q1hnX4w_3psDbO52j3WoqeeiprV8AieNj-q1h1Etvz3hewtV75guychhmiz_HmhGyHQefl26Y-p10u2q-Z-PjffGxuNPzcqGkSZ1LJA-75PnjPr2TSbYy0ODFrb9Vdod38yK-RF6wU5RKJR_Nd8wUkxErL-4nRLB9BKTIVqIk3RB7817IIcJNZ-xsaaYJ7I5CeWpZbDIb1183Q18MPjYERsvfu1EHdu-2kbRpeil8cdU7x-3Wl57jkhxU2CtjaKnDn5DEnAuNNOZ1b7jNg','AQX8FjjjCBhsd9THqhYKelW7JLPnKvZrz9vqVHoKbzqM3Guc8NBUNf_KcVKyjrfqXEmmUNEjzQjLa59R7gHKHQ8ikIj4hb7ZB-DHpVIIli85sVFKSCOowhWIvRkplRmdDN8FxYV6cP8UEjhKV7NVAT1LYj-P6vXTQKh2_pr_kq3OkiVjrbApKlES_5yTbszFe_dvZDVZQVuHAW6003XmGdpUefgBbxEYJUxpM7sTz4n5akdqvBrIr2OOHZn3lvmvsXJPQbZpAgDpEn93oVegw5dSKQn2DhTKf_1h49ePshTEtfRngxhuwBXZyOoX8IqbwY34UA-2t6JQFlOUPsuh5bCC_8N5_g',0,0,1,'2022-06-21 12:29:33','2024-01-04 16:03:59'),(185,1,NULL,'asd1','asd2','gayatri.bhanwara@itechnolabs.biz','62dea4a9fbc66daf1ade39566e41c94f',NULL,NULL,NULL,2,NULL,NULL,0,0,1,'2022-09-26 13:33:30','2022-11-30 10:03:37'),(186,0,NULL,'Neelmani','Sharma','neelbhardwaj97@gmail.com','e10adc3949ba59abbe56e057f20f883e','neelmanii.jpg',16,NULL,2,'AQVahZGSVDeTn71KrgBpRMsj--oyOi4tmWuvghHMAxqvvQ_Ptp9a7c8zbO1J2w7emzlmVOa06PnlGbEtxJ-tfr9IL1wZ-i4PlRAC87_bCZzctsMvqHat8tb7RSMxlCtxv8XjmonGvB-81-pvspK3ip60i06-KhlDJWY8jjnlDN0AYn1x8A9GdsZWrEyee-j2rv8xjn6ry98UnAEDoTBDApt0iBQY6hYNdSDr8t47RxdyHiSrvaT-VD4B4Np_odZAViBeStjcayyS_LrBITgcW2crV6PP_ej1heUlmgKhcsPPaJyiLAxEMYOYm_ktU703E-8YWi1AsyyyFw1KRWcWBOpE0RaBFw','AQUr1MSF0g1iODd98G-IjPOAwQBfks0-fdt1HU6upNsoGWkwfzi7FGICkHSAYRO1B_c6TLvw2iUieBXxwnmJ86wyjewp2MKalHfQ4PB5sVrZbI018mBftFpiL9ipVS4sWpDoTpHH0ipznFdVW1vSiRSmFLjmIf1FwY23Q4tEuVHHzx-C8seZOq9v-NJtcu72KawL-iU5G0hFWxh5v7qHySnd6z_zrPGnYPN76-vjPLegnvuxut0rSo6se0mhM6G2NVLT2NnJ0MIUKcTX_zcJqB1jG8infwHOodMYtNeYMgzVz_lSmG8mcMlxEnYOAXD_n2QiVpx3BLU4ZWEbytSQImYXr5YDxw',0,0,0,'2022-11-10 11:30:02','2023-02-06 19:15:58'),(187,1,NULL,'11','22','3@gmail.dsd','79a0256d21eec85c20adb531175f7be6',NULL,16,NULL,3,NULL,NULL,0,0,0,'2022-11-29 12:06:11','2022-11-29 13:19:14'),(188,1,NULL,'Test','Name','test@gmail.dsd','79a0256d21eec85c20adb531175f7be6',NULL,16,NULL,3,NULL,NULL,0,0,0,'2022-11-29 13:17:04','2022-11-29 13:17:04'),(189,1,NULL,'Add / edit','Add / edit','Addedit@gmail.com','da8dc954bf1b8d1a34a3b4e353e0b3f2',NULL,0,NULL,3,NULL,NULL,0,0,1,'2022-11-29 14:08:36','2022-11-29 14:57:32'),(190,1,NULL,'new','user','tes@gmail.com','15e28c148aecb919af8f8874df579ce3',NULL,NULL,NULL,3,NULL,NULL,0,0,1,'2022-11-30 10:04:44','2022-11-30 10:04:44'),(191,1,NULL,'das','asd','asd@sda.asd','86706194a2f08ec449f3825b635c1a5f',NULL,NULL,NULL,2,NULL,NULL,0,0,1,'2022-11-30 10:21:53','2022-11-30 10:22:26'),(192,1,NULL,'staff1','one2','staff@gmail.com','cc6a354f33912f12a97157c4720961d5',NULL,0,NULL,3,NULL,NULL,0,0,1,'2022-12-14 08:32:32','2022-12-14 15:27:51'),(193,1,NULL,'add','new','new@gmail.com','dfabf390f5bfdc0f1b96165f4a016604',NULL,NULL,NULL,2,NULL,NULL,0,0,1,'2022-12-14 08:34:09','2022-12-14 08:34:09'),(195,1,NULL,'staff','member','staff@yopmail.com','ceb6c970658f31504a901b89dcd3e461',NULL,0,NULL,3,NULL,NULL,0,0,0,'2022-12-14 15:28:49','2022-12-14 15:33:13'),(196,1,NULL,'rahul','singh','rahulsingh@yopmail.com','1e4cf1fe606f1cbd4562cacaaf47ae30','rahul.jpg',0,'eyJpdiI6Im5wb01rWWRUN3FaTFpUeWN2djRpL0E9PSIsInZhbHVlIjoibllMZmNKdHRmYVB0YU5mOFRZdG9vQT09IiwibWFjIjoiOTc3NzZjN2E4YjExZWE1Yjk5YzljYjU4MDY4ODQxOGVhNjYwZDA5YzZmMmRlNDkxOGNiMTMwZGRjMGUyOWQ0OCIsInRhZyI6IiJ9',3,NULL,NULL,0,0,0,'2022-12-14 15:35:05','2022-12-14 15:50:23'),(197,1,NULL,'rahul','singh','rahulsingh1@yopmail.com','ceb6c970658f31504a901b89dcd3e461',NULL,0,NULL,3,NULL,NULL,0,0,1,'2022-12-14 15:51:24','2022-12-14 15:51:24'),(198,1,NULL,'rahul','singh','rahul12@yopmail.com','ceb6c970658f31504a901b89dcd3e461',NULL,NULL,'eyJpdiI6ImRqWXZvV2hjRzlnMWlrZkVpL1Bkb0E9PSIsInZhbHVlIjoiejNiNTg0NDVVQ2lFYU5CYWNSUCtpUT09IiwibWFjIjoiOTdhNDUzNzE3MDVlMGMwMDg2YjYxYTJkZDgxNzVhODg4OTM4ZjQ0MmFjMmUyOGU3MTYyOWMyYzg3YjY4MzdjNyIsInRhZyI6IiJ9',2,NULL,NULL,0,0,1,'2022-12-14 15:57:36','2022-12-14 15:57:36'),(199,0,NULL,'Rahul','Singh','rs618642@gmail.com','1c5c779512ed6b532f948ba7930a8eb9','rahul.jpg',NULL,NULL,2,'AQXSjgvLe5wQ_lG8k7msbQmgewdpuKZDT72osQasmsB9dztx8EAJMSUHvL3wizapOTtAVyad2jBzWR5DavR-oqbE9l2txDtBixPpKA5mgjFNEAtioriE4wY8-jM9Toc85Jl8nh-tPsfYDtoHg7HGJ3XBdlkeFaqUpnd5k4RnDjPOdgm9zRaEw01-WseaY3tQyDFgtJu0_f5AuYC1myKzMZHJXNzaFU6-rZQkOIoZEs3DqCg7prz188_VpzP3WsRKr9R2R8ytz3eibAb6J1OsgaPsPxXMJBhLg7OjaKfJgIQe1QA1wk4xOrloc_wXGfgkPU9CC34HhmjmDAjGuqUgc_cTk6TjwA','AQXYYvdlk09FOWqevioIhrykallV4KVAKWwiLecYpV_ky9i2NUczDGxPWvpUska0q09EwgU2AGhDUnh4QLmN-9NOgYWG96EHTB2LCef67AzX4tNB5wXjG3lS0Wga74xw-MonVXcjGiBqvgTsslzsxuDd6Qv_SMaLGFQmmOryXbf0b6HeRTBZqmo70XJ7Ww0olEiwKsHYiAfPmaHaO2ERKZKOPTFOeQ5EjcarTQghpOwzxGUsAXWyNLxGa9NTds-iN1HkbtawLcb_URfaamsJ_LX_-_Vjj_jCT-Aq57nbpfvBNbUMiG8BKG14FiD1KwcTzn0rRoNLWGkNNeRVdhuFaV8Ve_ndiw',0,0,1,'2022-12-15 08:37:21','2022-12-15 10:01:18'),(200,0,NULL,'NEEL','SHARMA','phpspider97@gmail.com','b5fd36a05c051c3ebd86b4aa0fd857c9',NULL,NULL,NULL,2,'AQUPcpI7wWMEvrOJswl-01yCxrzQ_lJsOnORHow9h5zoIffvzgASia1l6IszQOkbGYBUBRAKqOpujiibumktQveZhRX2hzHgJDPWXEic9Fw5N6tgxz3Op3TV8lXDzLmslW3ZmuLPkNeoqqRp1jGmgIHD1JTW1fTbI8H8H4zjHJwDgcwDFVzZ8le9w1N6EAKL6A-5u5dILxuNX186NUgLfaYbNDP9P2NNa4P98UQl7tTP_JBnMuzdGyEdJ5AoLQFSZlJ40Kzmv-BhfNH1G41xaRHlmVkSeKXJuNhlMmyj6jLor6eE6n8hV-Cuh2af681tmGNx4dxIutxIcWHDIroYyju9szDXwQ','AQUkTamWOUxFYf9aBDnXMfrnYMhI1chaI4Pv-AYD5ZxhxSMV2pxUQXrdZOYcmERwCkPNcrTm_N-9ZUy2d2y28KHNknuSXI_7eaFE5oFFkzZWR4I8amsvSQ33jVMBqttGU2-DhlOEUwIBw-0J4NhUtvRKReH7KG0Jmpkqe1hJSwtqv-u61_XHi2NU41QWGddVuzxBJJHamKEIe0N856m0p-UUH_ZRdMixwR1Zpl8l9T8NL-3qFxC6hHF7Xs1wn4pKzRLSMo1EBEaKnjq1bAcMnkux_NHD_OYmb6f5XArm58MzS_O-UZKswgjxUeX0N8x31RhD-12sJgndFIGDLo9Qh6nN8PlFww',0,0,1,'2022-12-15 09:43:10','2022-12-15 09:43:10'),(201,1,NULL,'test','test','test@gmail.com','25f9e794323b453885f5181f1b624d0b',NULL,0,NULL,3,NULL,NULL,0,0,1,'2022-12-19 13:27:13','2022-12-19 13:27:13'),(202,1,NULL,'staff','one','staffone@gmail.com','25d55ad283aa400af464c76d713c07ad',NULL,2,'eyJpdiI6IkVsQzlPRUNqMWZYUTNYQnpTV24yb2c9PSIsInZhbHVlIjoiYkhuTDlFdFBFZ0l3NHZaWk9UYXBzdz09IiwibWFjIjoiYzU4MGRjMGYwNWM0N2NlZmEwOTgwMTFmMDM3YzEyN2I5M2RjODUxMjNkNjg1NGI4Y2M2M2MyNGZlOGMyZDAzYyIsInRhZyI6IiJ9',3,NULL,NULL,0,0,1,'2022-12-19 13:28:14','2022-12-22 09:05:13'),(203,1,NULL,'rahul','singh','rahul@yopmail.com','ceb6c970658f31504a901b89dcd3e461',NULL,2,'eyJpdiI6IjR4cjVlS1lwSjM4U2ZrNThjQ0t0SWc9PSIsInZhbHVlIjoiczZ5YTdkZWRJVFRBYWlzTnhPR2w3Zz09IiwibWFjIjoiY2UwMWM0MTFkOTI3MGZjNDZjYzIyMWMxYTYxZjJmYmRkZGNjYmY4NjQ1MzRjNTUxODFmYTdiNTEzYjNjZjlmNiIsInRhZyI6IiJ9',3,NULL,NULL,0,0,1,'2022-12-23 15:39:48','2022-12-23 15:39:48'),(204,0,NULL,'Gauri','Kashyap','gauri.kashyap@itechnolabs.biz','e49957447160e93d5f26e59fbebbb887',NULL,NULL,NULL,2,'AQVyBT2gT0FWoZVWMeRdWCDpDwFAtrTJWV-eCJGH34s1rVNspuLrIjUKmkXao_8k5PsomLD55xDGpRg1oR2Z3mHc0viBUqhJVBZBCvnITO9E27nTY5zzaWhQqzqn3vMtufQBOktZTCL-vqetGPaNCBGgtJ6Hx54ruoj2b3DhrhYOxXUn1psP4OCaB8ot1VuF0WHPySdWFzHX5CV3yRPBOBL8o4pJRDgj4_MzuPiPpWH8tGyCz4IQWvpxokFiOv7Ak1zGLpR__z3Pa6UyJbcSPyhmnL3wgZEAOKwM3Ed5qT49hU0l9Fb5RunaAUWu36D-fEce5U4aj3cos8oMHuioDIQLN2jU7w','AQVdgKpnDkb5BVdKbfpKqvj3CFry0rPzO2Z3L3Ty7BYS2T-hP7kKbGYBQPttlb6TqNURYWC5GPwDo5cQNKtshdhcZQn5utcWodjJGU7mYGiFPrcRLy4MnnLrlX6fGNxxLsLfsBAJLLu9ZCBoCKL2fNfS4Frg9RqJNcM20e2waH95oapzxPvrtY7Z_VsHE-cwrTDh3iNe380zg6uLsECPGyKqst_e14BMkdlmtDnVWItWBW4nf4ywIv5OStKJJFPY9bdyvVGAdHqmsMyIECci6qdfbyUJmBnjqsEHkTq3PqQM-eARN_FbjQPkozqef3nvUEpcyV0EdohQjk9JgAmrjVSU0HTgIQ',0,0,1,'2023-01-20 09:47:36','2023-03-01 12:47:17'),(205,0,NULL,'Praveen','Kumar','erpraveen2005@gmail.com','12c054011130cc03ee890553079bc5f7',NULL,NULL,NULL,2,'AQVNxkwmDvKbhPb105Z6iBYPk_T4lirm9uV968UOXSSFpjJBydkN1ROWRSwQuhcVwH3S-Jx0Z2iJtUltasMLP_AJ2wYaIT4xGX16WePuFc4yt2Qes_irjA__hWj8YcxjtWbb2u8oAf0Klumz_0WqCJ6Hs8nMhKKhpx8GUHkPpyhNw6MdouJsopW799fZ6nucE49JP-FyzOs0NDNWp3R4-qZyceR4puwc2j8VmWD2mFDF_R6vjVSytCJi5a-k1JkShku8I0mn5sKe9d1ZudMcQxcT7v2F-5McpTF2iTspdTEgZGV0F4uii0OF7Nj4JqiZ3GVa2HfiBQEqP9akHtDUlbUGIgg_IQ','AQX_XjD4QwqVYqOH4kJlfg9HPScUqjIMZsYxPgNu2KI8vjxeIzMvdaTir8_8r5LwyIoeIJXTl8YthSYG4CnTQ6w6y5bxC_B3dR0SGWFupdbpvQ3Wp67ZyTSGDAQskbNSCRw7oRJ7HXgDwx1h_u0mOLlH2a16tiYlcUCYMcTgA7l9xy78nQeiYA71WHQeYANybibDRRolA-mz9L_FpwaQkdCr4ggaH6J7H3xlmZ6hucXK9NHj_hzJgBovrH0JC8ndq4ff_-KGWcWnEjLPP51mPhSx7pBNhL51EcIRmIE8-YBJn1JTwTUerhL9UEQcB0cLwU_AGIZcn_vIFGxa2WHlyKDzqBj6-w',0,0,1,'2023-02-06 13:43:32','2023-02-06 13:43:32'),(206,0,NULL,'itechno','user','itechnolabswebteam@gmail.com','cb93909040f6b917ee71b20e13bbb7ee',NULL,NULL,NULL,2,'AQWryMNXBl0lntuRmK8D5DCzxL9tSrZyhtxj9JO9mihWh4WIhsN-haKYNt6u6Bv_V91BAMUoliy-JBaJPznFSQS6LjmyDvgS0WlZLcuy94a-h_8eSkhk67bDwgIrdCXL-phPBCP5rQSUX2kmThW7QBLFMkks4d4KoH5rSAc6qfXFeeC_F8F9KgrdQWmNRLeqvLYsMWRl3-Igx4OAvsj901M5mOuMNRQ4gYxgbCowyeRz3K-cNJRFTgnSEjdBA-3xUIMZ_VDIB1mR-XlHJrEiawcqcIW5lwRDVo0zZcR7nvVY903d6mjdw5WmhSiVPWGkg77u7o5LAzIIo9PpugH7WZ8V3S4Gog','AQUUYB78cTaeckvhYj4iYxMBHwrMLMDBXSFCQWgylDPbBfoTI6DCkp_ZqSAc2JFX_ow82ruSHapQ6hqEwPRZJjwwarHTEj4DF33W4fRNx3HdtjvhC7IoEw0F5ky-gr-pDD2ZPHBiDCWFOynNhrzNsDLOwbNh5Q5A7NZQACOluxPUQjFdBoMdu-0UpfLp9Zn5Rrh-m9qAlpCr8ronHK4aihgeVed7I6BnOoPTppNNcStyMg1_ct3owtG73k-8gGt_jo8WVm5-haLbEsQwVbivsl7SY4scyQbgevlTKfA-xpSVM_o9CCMVt-biHQd_OR7_4qwBw4R8fyNjVfjxyF7EtQi1cRdt3A',0,0,1,'2023-02-17 09:36:26','2023-07-11 15:02:24'),(207,0,NULL,'Charles','Nevery','nevery.charles@gmail.com','da8a75a9df8a64a353efc35ac3102e17',NULL,NULL,NULL,2,'AQXKKexexKX_XfL5oSzBCrt8Gu242nNcnxjAL1x52FHRd_HcrziSbnLCH5ZfT7VIcTTjfOReQNJynEhUNCqO5U3TTe5lqpCQSfcStlLSSWGCaU2AAAj5p8AZpmpB6qBef0RH25zp3gHCj1IFoHbwf5XpojZmhTSNmwUDHD0Vhq57zTZv_yRp3wdhGUKG9f36uf6sK7kvd8pGEfx6scGvaODSQoF5WXJd8pyohDZ49KHlNp1e0wbroe3McNrXk8MO55cX6_4vaEWhAdT5wGCUtMUwMmZm4-Lc-Xg2ypJNsQcOvjtsMMLybzdoRhd20Q3aBgoWAMvVqaPV_E__Bv8EQnMZcbDqhg','AQVnyNZHaJXDIBiVA8q9W7Sx-U0o3-NloYFK9dRD-c_bnTPODZSr8Xn8aSmstHtc-laKcG41KADlVJnCct23CHMaTOcON1iKKgF2_hpc9et48WV5WSPEgc6qf4lgtdN0YwDZPkga3P3kfECAUDYdc29lXj_xMdJ89rJEEAjR6s5QzFQ5q3mY6qepB3KzFvPDXRPytXu5SjtGMd0X2_KB5BDXHGh29a7qNyMl9K8TpxpBx6SR0etYGy2F6Clgi5vL9KpH_7U98zqjeb9vBW8bIhWVQRuIIllCmT6J5YZ4ftW2EdOdoALqeKltNz5Xrmngb2BsFIGCHT67sDQuKlLxTEEIfJQ2oA',0,0,1,'2023-05-23 10:10:25','2023-05-23 10:10:40'),(208,0,NULL,'Lee','Hofman','lhh53@cornell.edu','7f007373de239d78698f5c4168411e77',NULL,NULL,NULL,2,'AQUX8RqupDrkv-5Fx-od8fatGwqgasSQkQjkGDQSH6ZozO2w7gTlCUPv_KjXJ6f-YXemO0H7nM5vwPTuli8LJdM9tAvEq_QqhX_Yre_lzeJH0vj-YIOna4smaVDqLqImnG8gwlcdEmYIPZyf87G4a1mpEphpKE6TxMGMPtIE2lWrLFB1NCvTpdp0WetOMRoOvElQK55uBak9ZOfNPdsUF2J1B00bNsGeSjqCLbFpduo7FAjuZnhVkVhPywc-hrbAvULO9_KR5gMcujScdE0QNXjNCBx_1CzeYkozRYwA8EA_SYlVOQeryC5LsZZekARw6fPsduZnfuJR_qNeFj-heK7sOoY_UQ','AQUQCq0ab5o8xmn35jyqvJVeApgpugxM1HOCdJs__rJDClBW22AVgQbdHlTzR0OT3lD-HE9al8Nqye0FKIGQgs_NZdwjUSne09IqMhe_h3wgF6cZqX_4sF1xs4D2Cf-zy68Xqn-TZZWvsHtAJV1yKhjnqyUXuGCrj7QodBMgUTAtRZgGPImh6ytd9qBhROXNNg1VjzPo7oSV1RZVEPTp-0TzkhYTjbxoBo-EE9ZwJqo5Gl4OXP8x6nUnO8KNiyKl78WYa1KNjRUZqPVUG_a7jfqRv13bVuV7572l9jZgAbREPnkqfIKQfbgCM8DC9J7sMuPTQ2zNT9iSxcsj9kyd7XoTlFJJvA',0,0,1,'2023-07-10 12:44:41','2023-07-10 12:44:41'),(209,0,NULL,'Vivek','Kerni','kernivivek@gmail.com','72db5ed588ad448004403cace8893ab0',NULL,NULL,NULL,2,'AQUOuTGllq7iLdlagveOpKdriaOcCfNuCy6syZjkf5cyTbbxK5SBjOuqrvqhcKbH7us8V7h_mKL4OwVcTgeUieAAA-L0Dwwh9Hlmg20znTfvDqU5OTXxOyFEJdN34oMpJF7dz94JRnfVCSWh_hFfzAjnW9wVHGpYN9pQRVdVua7y7T_0Hx2DKo_EuIvchhBUQzPIGQGLCzLCdFg8YhRIBMQPERZs7VYF_dIT49d8w67oEjhOgrE1VHmSxZNiF-hHEAbsim59VF8gPRZ90-4dN2QtAAT3ncWB39m5Iw-OK3psUlcNSOfbYOz1YM6hymSbeslBYPuVQNtCONfKYmtt27pPLmMS6A','AQUB9BBBkqOlxfDE863LFSv5gyruNGDdsFQahG9t5N1WuLDPwBPRjLxgs-Y4mdQamqkRX1m1HLl5RCCRvn1hNeMwr0LmPbxNbqxvEC9n9jQrbAIEUyE7BphBCOeZ6DOqnQ6XwSSF-vOyMpkyFIbxxX11HTOrAcdKjDNwEmhryEA3y2qcBp2x1Vj4Y0kYeNnImaAXqfwIEQGWoHfN4SQln5zIJBWLEuOAqzZCRVX0GTMLC5y0PS1ZuqNp83p1Tq_TamVQkg3s1BLOfnRnsizaOOhR5H8LfCQS_F8ZfP1lh4I7V_IfNu1Y_iDyoc3GDTPBvK-wUfCoHHtI0C_NSW9GSQabI1tn4g',0,0,1,'2023-07-10 14:11:40','2023-07-10 14:11:40');
/*!40000 ALTER TABLE `user` ENABLE KEYS */;
UNLOCK TABLES;

--
-- Table structure for table `user_account_detail`
--

DROP TABLE IF EXISTS `user_account_detail`;
/*!40101 SET @saved_cs_client     = @@character_set_client */;
/*!40101 SET character_set_client = utf8 */;
CREATE TABLE `user_account_detail` (
  `id` int(11) NOT NULL AUTO_INCREMENT,
  `user_id` int(11) NOT NULL,
  `account_name` longtext,
  `account_id` varchar(100) NOT NULL,
  `is_active` tinyint(1) NOT NULL DEFAULT '0',
  `is_delete` tinyint(1) NOT NULL DEFAULT '0',
  `created_at` datetime NOT NULL DEFAULT CURRENT_TIMESTAMP,
  `updated_at` datetime DEFAULT NULL,
  PRIMARY KEY (`id`)
) ENGINE=InnoDB AUTO_INCREMENT=59 DEFAULT CHARSET=utf8;
/*!40101 SET character_set_client = @saved_cs_client */;

--
-- Dumping data for table `user_account_detail`
--

LOCK TABLES `user_account_detail` WRITE;
/*!40000 ALTER TABLE `user_account_detail` DISABLE KEYS */;
INSERT INTO `user_account_detail` VALUES (1,186,'Linkedin API account 1','509030941',1,0,'2022-12-13 17:44:06',NULL),(2,186,'Main test account','509080795',1,0,'2022-12-13 17:44:06',NULL),(3,194,'Rahul’s Ad Account','509489373',1,0,'2022-12-14 13:06:28',NULL),(4,174,'Sponsored','500905164',1,0,'2022-12-14 15:35:15',NULL),(5,174,'Content - text','503002941',1,0,'2022-12-14 15:35:15',NULL),(6,174,'Bonus - InMails','503069603',1,0,'2022-12-14 15:35:15',NULL),(8,174,'Kaltura ENT (Gery)','503883330',1,0,'2022-12-14 15:35:15',NULL),(9,174,'BONUS - Text Ads','504334964',1,0,'2022-12-14 15:35:15',NULL),(10,174,'Sponsored - Bonus','504337052',1,0,'2022-12-14 15:35:15',NULL),(11,174,'Alon’s Ad Account','505541384',1,0,'2022-12-14 15:35:15',NULL),(12,174,'DealHub.io','506218939',1,0,'2022-12-14 15:35:15',NULL),(13,174,'Company Page CTA registrations','506687745',1,0,'2022-12-14 15:35:15',NULL),(14,174,'Rep','506723293',1,0,'2022-12-14 15:35:15',NULL),(15,174,'smartclip Ad Account','507212393',1,0,'2022-12-14 15:35:15',NULL),(16,174,'TextAds','507439044',1,0,'2022-12-14 15:35:15',NULL),(17,174,'Dynamic_WalkMeLTD_SponsoredContentQ3_15864262','507515196',1,0,'2022-12-14 15:35:15',NULL),(18,174,'ABM account and ABM bonus','507746412',1,0,'2022-12-14 15:35:15',NULL),(19,174,'GS LinkedIn Ads','507955154',1,0,'2022-12-14 15:35:15',NULL),(21,174,'Bonus_Dynamic Ads_2019','508099251',1,0,'2022-12-14 15:35:16',NULL),(22,174,'Content bonus spend','508200014',1,0,'2022-12-14 15:35:16',NULL),(25,174,'Pipelight ','509569875',1,0,'2022-12-14 15:35:16',NULL),(27,174,'RevPath','510648917',1,0,'2022-12-14 15:35:16',NULL),(28,199,'Rahul’s Ad Account','509489373',1,0,'2022-12-15 12:07:22',NULL),(29,200,'Test account hi new','507561714',1,0,'2022-12-15 13:13:10',NULL),(30,200,'Test account 2 By Neel account','509057946',1,0,'2022-12-15 13:13:10',NULL),(31,200,'NEEL’S Ad Account','509058971',1,0,'2022-12-15 13:13:10',NULL),(32,200,'Main test account','509080795',1,0,'2022-12-15 13:13:10',NULL),(33,199,'Main test account','509080795',1,0,'2022-12-15 13:31:19',NULL),(34,174,'Cycode’s Ad Account','503737049',1,0,'2022-12-23 17:51:41',NULL),(36,174,'Sentra Ad Account','510262616',1,0,'2023-01-03 16:29:52',NULL),(40,206,'itechno’s Ad Account','511423508',1,0,'2023-02-17 13:06:27',NULL),(41,174,'Kaltura VAMB (main) - Eran','500105105',1,0,'2023-02-20 20:12:28',NULL),(43,174,'Cynet - Holistic Security Simplified','500935728',1,0,'2023-05-08 14:31:56',NULL),(44,174,'Wix Enterprise','511480273',1,0,'2023-05-08 14:31:56',NULL),(45,207,'Track5Media','500699324',1,0,'2023-05-23 07:10:25',NULL),(46,207,'ShipEX','509442204',1,0,'2023-05-23 07:10:25',NULL),(47,207,'TNS','510493884',1,0,'2023-05-23 07:10:25',NULL),(48,207,'KC Green','510495684',1,0,'2023-05-23 07:10:25',NULL),(49,207,'ATJ','511003336',1,0,'2023-05-23 07:10:25',NULL),(50,174,'Trullion Ad Account','506538797',1,0,'2023-07-10 09:08:19',NULL),(51,208,'Trullion Ad Account','506538797',1,0,'2023-07-10 09:44:42',NULL),(52,174,'Winn.AI\'s Ad Account','510290868',1,0,'2023-07-20 06:47:36',NULL),(53,174,'Workiz Inc.','510663502',1,0,'2023-09-06 12:44:32',NULL),(54,174,'GerySlov','512126322',1,0,'2023-09-26 06:40:36',NULL),(55,174,'Don\'t. Look. Away.','512520230',1,0,'2023-10-27 10:36:35',NULL),(56,174,'DoControl Account','507109123',1,0,'2023-11-27 15:45:35',NULL),(57,174,'Panorays','503269346',1,0,'2023-12-21 13:18:56',NULL),(58,174,'Reco\'s Ad Account','510241893',1,0,'2023-12-29 09:44:44',NULL);
/*!40000 ALTER TABLE `user_account_detail` ENABLE KEYS */;
UNLOCK TABLES;

--
-- Table structure for table `user_role`
--

DROP TABLE IF EXISTS `user_role`;
/*!40101 SET @saved_cs_client     = @@character_set_client */;
/*!40101 SET character_set_client = utf8 */;
CREATE TABLE `user_role` (
  `id` int(11) NOT NULL AUTO_INCREMENT,
  `added_by` int(11) NOT NULL,
  `role` varchar(200) NOT NULL,
  `is_active` tinyint(1) NOT NULL DEFAULT '0',
  `created_at` datetime NOT NULL DEFAULT CURRENT_TIMESTAMP,
  `updated_at` datetime DEFAULT NULL,
  PRIMARY KEY (`id`)
) ENGINE=InnoDB AUTO_INCREMENT=3 DEFAULT CHARSET=utf8;
/*!40101 SET character_set_client = @saved_cs_client */;

--
-- Dumping data for table `user_role`
--

LOCK TABLES `user_role` WRITE;
/*!40000 ALTER TABLE `user_role` DISABLE KEYS */;
INSERT INTO `user_role` VALUES (2,1,'role 1',1,'2022-12-19 13:27:38','2023-01-17 12:14:54');
/*!40000 ALTER TABLE `user_role` ENABLE KEYS */;
UNLOCK TABLES;

--
-- Table structure for table `user_role_permission`
--

DROP TABLE IF EXISTS `user_role_permission`;
/*!40101 SET @saved_cs_client     = @@character_set_client */;
/*!40101 SET character_set_client = utf8 */;
CREATE TABLE `user_role_permission` (
  `id` int(11) NOT NULL AUTO_INCREMENT,
  `role_id` int(11) NOT NULL,
  `permission_id` int(11) NOT NULL,
  `created_at` datetime NOT NULL DEFAULT CURRENT_TIMESTAMP,
  `updated_at` datetime DEFAULT NULL,
  PRIMARY KEY (`id`)
) ENGINE=InnoDB AUTO_INCREMENT=46 DEFAULT CHARSET=utf8;
/*!40101 SET character_set_client = @saved_cs_client */;

--
-- Dumping data for table `user_role_permission`
--

LOCK TABLES `user_role_permission` WRITE;
/*!40000 ALTER TABLE `user_role_permission` DISABLE KEYS */;
INSERT INTO `user_role_permission` VALUES (7,1,2,'2022-12-14 12:01:31',NULL),(8,1,3,'2022-12-14 12:01:31',NULL),(44,2,1,'2023-01-17 15:44:54',NULL),(45,2,4,'2023-01-17 15:44:54',NULL);
/*!40000 ALTER TABLE `user_role_permission` ENABLE KEYS */;
UNLOCK TABLES;

--
-- Table structure for table `utm_name`
--

DROP TABLE IF EXISTS `utm_name`;
/*!40101 SET @saved_cs_client     = @@character_set_client */;
/*!40101 SET character_set_client = utf8 */;
CREATE TABLE `utm_name` (
  `id` int(11) NOT NULL AUTO_INCREMENT,
  `utm_name` varchar(200) NOT NULL,
  `account_id` varchar(255) DEFAULT '0',
  `campaign_id` int(11) NOT NULL,
  `creative_id` int(11) NOT NULL,
  `added_by` int(11) NOT NULL,
  PRIMARY KEY (`id`)
) ENGINE=InnoDB AUTO_INCREMENT=66 DEFAULT CHARSET=utf8;
/*!40101 SET character_set_client = @saved_cs_client */;

--
-- Dumping data for table `utm_name`
--

LOCK TABLES `utm_name` WRITE;
/*!40000 ALTER TABLE `utm_name` DISABLE KEYS */;
INSERT INTO `utm_name` VALUES (1,'This is test','509080795',186324876,0,186),(2,'test 2','509080795',186324876,0,186),(3,'Testing','509489373',187728946,0,199),(4,'TEst','509489373',187728946,0,199),(5,'rerer','507561714',1,0,200),(6,'sdgsdg','507561714',1,0,200),(7,'efee','507561714',181111366,0,200),(12,'Kaltura main','503883330',190767236,0,174),(13,'test test','509080795',186324876,0,186),(15,'a','507955154',216482973,0,174),(16,'utm1','509080795',186324876,0,186),(17,'sentra test','510262616',218397063,0,174),(18,'buywith','507979597',1,0,174),(19,'utm1','511423508',220695993,0,206),(20,'test','506218939',216746774,0,174),(21,'utm2','511423508',220695993,0,206),(25,'utm3','511423508',1,0,206),(26,'DH main','506218939',216746774,0,174),(27,'a','503737049',1,0,174),(28,'Main UTM','500105105',264621196,0,174),(30,'main utm','503002941',198757506,0,174),(31,'utm new','510055450',219815274,0,174),(32,'utm new','510055450',210933814,0,174),(33,'WIx-Tst','511480273',226530823,0,174),(62,'main','506538797',225894763,0,174),(63,'sentra','510262616',275829493,0,174),(65,'lin','500105105',264644046,0,174);
/*!40000 ALTER TABLE `utm_name` ENABLE KEYS */;
UNLOCK TABLES;

--
-- Table structure for table `utm_parameter`
--

DROP TABLE IF EXISTS `utm_parameter`;
/*!40101 SET @saved_cs_client     = @@character_set_client */;
/*!40101 SET character_set_client = utf8 */;
CREATE TABLE `utm_parameter` (
  `id` int(11) NOT NULL AUTO_INCREMENT,
  `utm_name_id` int(11) NOT NULL,
  `parameter_key` varchar(200) NOT NULL,
  `parameter_field` varchar(100) NOT NULL,
  `parameter_value` varchar(200) NOT NULL,
  `added_by` int(11) NOT NULL,
  `created_at` datetime NOT NULL DEFAULT CURRENT_TIMESTAMP,
  `updated_at` datetime DEFAULT NULL,
  PRIMARY KEY (`id`)
) ENGINE=InnoDB AUTO_INCREMENT=134 DEFAULT CHARSET=utf8;
/*!40101 SET character_set_client = @saved_cs_client */;

--
-- Dumping data for table `utm_parameter`
--

LOCK TABLES `utm_parameter` WRITE;
/*!40000 ALTER TABLE `utm_parameter` DISABLE KEYS */;
INSERT INTO `utm_parameter` VALUES (1,1,'hello','account_name','{{account_name}}',186,'2022-12-13 17:46:09',NULL),(2,1,'para_2','account_id','{{account_id}}',186,'2022-12-13 17:46:09',NULL),(3,1,'para_3','campaign_name','{{campaign_name}}',186,'2022-12-13 18:11:31',NULL),(4,2,'hi_1','account_name','{{account_name}}',186,'2022-12-13 18:39:01',NULL),(5,3,'creative_name','account_name','{{account_name}}',199,'2022-12-15 12:20:29',NULL),(6,4,'hello','creative_name','{{creative_name}}',199,'2022-12-15 12:34:17',NULL),(7,5,'rere','account_name','{{account_name}}',200,'2022-12-15 13:18:51',NULL),(8,6,'dsfse','account_id','{{account_id}}',200,'2022-12-15 13:20:39',NULL),(9,7,'efefe','account_id','{{account_id}}',200,'2022-12-15 13:21:17',NULL),(22,12,'utm_source','custom','linkedin',174,'2022-12-20 16:34:06',NULL),(23,12,'utm_medium','custom','paidsocial',174,'2022-12-20 16:34:06',NULL),(24,12,'utm_campaign','campaign_name','{{campaign_name}}',174,'2022-12-20 16:34:06',NULL),(25,12,'utm_content','creative_name','{{creative_name}}',174,'2022-12-20 16:34:06',NULL),(26,13,'this_is_utm','account_name','{{account_name}}',186,'2022-12-22 11:52:09',NULL),(30,15,'a','account_name','{{account_name}}',174,'2023-01-04 19:46:17',NULL),(31,16,'u1','account_name','{{account_name}}',186,'2023-01-17 16:06:13',NULL),(32,16,'u2','creative_name','{{creative_name}}',186,'2023-01-17 16:06:13',NULL),(33,16,'u3','custom','hello',186,'2023-01-17 16:06:13',NULL),(34,17,'utm_gcamp','campaign_name','{{campaign_name}}',174,'2023-02-15 13:24:43',NULL),(35,17,'adname','creative_name','{{creative_name}}',174,'2023-02-15 13:24:43',NULL),(36,18,'utm_campaingg','campaign_name','{{campaign_name}}',174,'2023-02-17 12:07:19',NULL),(37,19,'a','account_name','{{account_name}}',206,'2023-02-17 13:08:15',NULL),(38,19,'b','campaign_name','{{campaign_name}}',206,'2023-02-17 13:08:15',NULL),(39,20,'asdas','campaign_name','{{campaign_name}}',174,'2023-02-20 20:15:57',NULL),(40,20,'asdascac','custom','452',174,'2023-02-20 20:15:57',NULL),(41,20,'adid','ad_id','{{ad_id}}',174,'2023-02-20 20:15:57',NULL),(42,21,'name','account_name','{{account_name}}',206,'2023-02-21 15:45:41',NULL),(46,25,'a','campaign_name','{{campaign_name}}',206,'2023-02-21 16:02:10',NULL),(47,25,'b','custom','linkedin',206,'2023-02-21 16:02:10',NULL),(48,25,'c','custom','paid',206,'2023-02-21 16:02:10',NULL),(49,25,'d','creative_name','{{creative_name}}',206,'2023-02-21 16:02:10',NULL),(50,26,'utm_campaign','creative_name','{{creative_name}}',174,'2023-02-21 21:09:27',NULL),(51,27,'a','campaign_name','{{campaign_name}}',174,'2023-03-01 23:23:44',NULL),(52,27,'b','ad_id','{{ad_id}}',174,'2023-03-01 23:23:44',NULL),(53,28,'utm_source','custom','linkedin',174,'2023-03-12 12:37:41',NULL),(54,28,'utm_medium','custom','paidsocial',174,'2023-03-12 12:37:41',NULL),(55,28,'utm_campaign','campaign_name','{{campaign_name}}',174,'2023-03-12 12:37:41',NULL),(56,28,'utm_content','creative_name','{{creative_name}}',174,'2023-03-12 12:37:41',NULL),(59,30,'utm_source','custom','linkedin_20',174,'2023-03-22 17:41:36',NULL),(60,30,'utm_medium','custom','paidsocial_20',174,'2023-03-22 17:41:36',NULL),(61,30,'utm_value','custom','paidsocial_20',174,'2023-03-23 18:00:52',NULL),(63,31,'utm_source','custom','linkedin',174,'2023-05-11 11:11:45',NULL),(64,31,'utm_medium','custom','paid',174,'2023-05-11 11:11:45',NULL),(65,31,'utm_campaign','campaign_name','{{campaign_name}}',174,'2023-05-11 11:11:45',NULL),(66,31,'utm_content','creative_name','{{creative_name}}',174,'2023-05-11 11:11:45',NULL),(67,31,'utm_lp','custom','home-page',174,'2023-05-11 11:11:45',NULL),(70,32,'utm_campaign','campaign_name','{{campaign_name}}',174,'2023-05-11 11:11:45',NULL),(71,32,'utm_content','creative_name','{{creative_name}}',174,'2023-05-11 11:11:45',NULL),(72,32,'utm_lp','custom','home-page',174,'2023-05-11 11:11:45',NULL),(76,33,'a','campaign_name','{{campaign_name}}',174,'2023-05-24 09:42:17',NULL),(77,33,'b','creative_name','{{creative_name}}',174,'2023-05-24 09:42:17',NULL),(78,33,'c','custom','linkedin',174,'2023-05-24 09:42:17',NULL),(79,33,'ID','ad_id','{{ad_id}}',174,'2023-05-24 09:42:17',NULL),(116,62,'utm_source','custom','linkedin',174,'2023-07-12 10:44:41',NULL),(117,62,'utm_medium','custom','cpc',174,'2023-07-12 10:45:24',NULL),(118,62,'utm_campaign','campaign_name','{{campaign_name}}',174,'2023-07-12 10:45:24',NULL),(119,62,'utm_content','creative_name','{{creative_name}}',174,'2023-07-12 10:45:24',NULL),(120,62,'cq_plt','custom','lp',174,'2023-07-12 10:45:24',NULL),(121,63,'utm_campaign','custom','personal+demo',174,'2023-09-06 12:50:22',NULL),(122,63,'utm_source','custom','linkedin',174,'2023-09-06 12:50:22',NULL),(123,63,'utm_medium','custom','paid+social',174,'2023-09-06 12:50:22',NULL),(124,63,'utm_content','creative_name','{{creative_name}}',174,'2023-09-06 12:50:22',NULL),(127,26,'utm_content','creative_name','{{creative_name}}',174,'2023-10-23 14:19:33',NULL),(128,26,'adid','ad_id','{{ad_id}}',174,'2023-10-23 14:19:33',NULL),(129,26,'utm_source','custom','linkedin',174,'2023-10-23 14:19:33',NULL),(130,26,'utm_medium','custom','paid',174,'2023-10-23 14:19:33',NULL),(131,65,'li1','ad_id','{{ad_id}}',174,'2023-12-11 18:22:16',NULL),(132,65,'li2','creative_name','{{creative_name}}',174,'2023-12-11 18:22:16',NULL),(133,65,'li3','custom','linkedinBrand',174,'2023-12-11 18:22:16',NULL);
/*!40000 ALTER TABLE `utm_parameter` ENABLE KEYS */;
UNLOCK TABLES;

--
-- Table structure for table `utm_parameter_cron`
--

DROP TABLE IF EXISTS `utm_parameter_cron`;
/*!40101 SET @saved_cs_client     = @@character_set_client */;
/*!40101 SET character_set_client = utf8 */;
CREATE TABLE `utm_parameter_cron` (
  `id` int(11) NOT NULL AUTO_INCREMENT,
  `utm_capmaign_id` longtext,
  `utm_creative_id` int(11) DEFAULT NULL,
  `selected_utm` int(11) NOT NULL,
  `user_token` longtext NOT NULL,
  `utm_type` int(1) NOT NULL DEFAULT '0' COMMENT '1->campaign 2->creative',
  `is_error` tinyint(1) NOT NULL DEFAULT '0',
  PRIMARY KEY (`id`)
) ENGINE=InnoDB AUTO_INCREMENT=673 DEFAULT CHARSET=utf8;
/*!40101 SET character_set_client = @saved_cs_client */;

--
-- Dumping data for table `utm_parameter_cron`
--

LOCK TABLES `utm_parameter_cron` WRITE;
/*!40000 ALTER TABLE `utm_parameter_cron` DISABLE KEYS */;
/*!40000 ALTER TABLE `utm_parameter_cron` ENABLE KEYS */;
UNLOCK TABLES;

--
-- Table structure for table `utm_parameter_update`
--

DROP TABLE IF EXISTS `utm_parameter_update`;
/*!40101 SET @saved_cs_client     = @@character_set_client */;
/*!40101 SET character_set_client = utf8 */;
CREATE TABLE `utm_parameter_update` (
  `id` int(11) NOT NULL AUTO_INCREMENT,
  `user_id` int(11) NOT NULL,
  `utm_parameter_name_id` int(11) NOT NULL,
  `ads_id` int(11) NOT NULL,
  `is_read` tinyint(1) NOT NULL DEFAULT '0',
  `created_at` datetime DEFAULT CURRENT_TIMESTAMP,
  PRIMARY KEY (`id`)
) ENGINE=InnoDB AUTO_INCREMENT=1154 DEFAULT CHARSET=utf8;
/*!40101 SET character_set_client = @saved_cs_client */;

--
-- Dumping data for table `utm_parameter_update`
--

LOCK TABLES `utm_parameter_update` WRITE;
/*!40000 ALTER TABLE `utm_parameter_update` DISABLE KEYS */;
INSERT INTO `utm_parameter_update` VALUES (7,186,1,198459306,1,'2022-12-13 18:50:14'),(8,186,2,198459306,1,'2022-12-13 18:51:09'),(9,186,1,198459306,1,'2022-12-13 18:52:12'),(10,186,2,198459306,1,'2022-12-13 18:54:09'),(11,199,3,204601176,1,'2022-12-15 08:53:10'),(12,199,3,204603596,1,'2022-12-15 08:56:11'),(13,199,3,204603596,1,'2022-12-15 09:02:08'),(14,199,4,204603596,1,'2022-12-15 09:05:10'),(15,199,3,204601176,1,'2022-12-15 09:10:10'),(16,186,1,198459306,0,'2022-12-15 09:23:15'),(17,200,5,178235616,0,'2022-12-15 09:54:10'),(18,174,8,172364604,1,'2022-12-19 16:20:11'),(19,174,8,172364814,1,'2022-12-19 16:20:25'),(20,174,8,172364834,1,'2022-12-19 16:20:33'),(21,174,8,172364844,1,'2022-12-19 16:20:41'),(22,174,8,172364854,1,'2022-12-19 16:20:48'),(23,174,8,173618334,1,'2022-12-19 16:20:56'),(24,174,8,181681634,1,'2022-12-19 16:21:05'),(25,174,12,232470616,1,'2022-12-20 13:05:11'),(26,174,12,232470656,1,'2022-12-20 13:05:17'),(27,186,1,198459306,0,'2022-12-20 16:55:13'),(28,186,1,198459306,0,'2022-12-20 16:56:15'),(29,174,15,222707413,1,'2023-01-04 16:17:09'),(30,174,14,172364604,1,'2023-01-06 16:36:08'),(31,174,14,172364814,1,'2023-01-06 16:36:13'),(32,174,14,172364834,1,'2023-01-06 16:36:19'),(33,174,14,172364844,1,'2023-01-06 16:36:25'),(34,174,14,172364854,1,'2023-01-06 16:36:31'),(35,174,14,173618334,1,'2023-01-06 16:36:37'),(36,174,14,181681634,1,'2023-01-06 16:36:43'),(37,186,13,198459306,0,'2023-01-17 12:11:08'),(38,186,1,198459306,0,'2023-01-17 12:12:13'),(39,186,16,198459306,0,'2023-01-17 12:37:12'),(40,174,17,227662553,1,'2023-02-15 09:55:13'),(41,174,17,228671703,1,'2023-02-15 09:55:20'),(42,174,17,228671743,1,'2023-02-15 09:55:27'),(43,174,17,228117103,1,'2023-02-15 09:55:34'),(44,174,17,228117143,1,'2023-02-15 09:55:41'),(45,174,17,228117083,1,'2023-02-15 09:55:48'),(46,174,17,228671753,1,'2023-02-15 09:55:55'),(47,174,17,228671713,1,'2023-02-15 09:56:02'),(48,174,17,228117043,1,'2023-02-15 09:56:09'),(49,174,17,228671763,1,'2023-02-15 09:56:16'),(50,174,17,227633833,1,'2023-02-15 09:56:21'),(51,174,17,227662533,1,'2023-02-15 09:56:28'),(52,174,17,227633653,1,'2023-02-15 09:56:35'),(53,174,17,227633713,1,'2023-02-15 09:56:41'),(54,174,17,228117053,1,'2023-02-15 09:56:48'),(55,174,17,228671773,1,'2023-02-15 09:56:55'),(56,174,17,227633683,1,'2023-02-15 09:57:01'),(57,174,17,228117133,1,'2023-02-15 09:57:09'),(58,174,17,227633803,1,'2023-02-15 09:57:14'),(59,174,18,226760403,1,'2023-02-17 08:38:09'),(60,174,18,226760443,1,'2023-02-17 08:38:14'),(61,174,18,226689193,1,'2023-02-17 08:38:19'),(62,174,18,226689163,1,'2023-02-17 08:38:24'),(63,174,18,226760433,1,'2023-02-17 08:38:29'),(64,174,18,226689123,1,'2023-02-17 08:38:34'),(65,174,18,226689233,1,'2023-02-17 08:38:40'),(66,206,19,231808003,1,'2023-02-17 09:39:09'),(67,206,19,231808003,1,'2023-02-17 09:40:09'),(68,206,19,231808003,1,'2023-02-17 10:19:08'),(69,206,19,231808003,1,'2023-02-17 10:20:09'),(70,206,19,231808003,1,'2023-02-17 10:22:08'),(71,206,19,231808003,1,'2023-02-17 10:24:10'),(72,206,19,231808003,1,'2023-02-17 10:28:10'),(73,206,19,231808003,1,'2023-02-17 10:29:09'),(74,174,20,172364604,1,'2023-02-20 16:47:10'),(75,174,20,172364814,1,'2023-02-20 16:47:16'),(76,174,20,172364834,1,'2023-02-20 16:47:23'),(77,174,20,172364844,1,'2023-02-20 16:47:29'),(78,174,20,172364854,1,'2023-02-20 16:47:36'),(79,174,20,173618334,1,'2023-02-20 16:47:42'),(80,174,20,181681634,1,'2023-02-20 16:47:50'),(81,174,27,235286096,1,'2023-03-01 19:57:07'),(82,174,27,235286116,1,'2023-03-01 19:57:15'),(83,174,27,199553464,1,'2023-03-01 19:57:22'),(84,174,27,235286106,1,'2023-03-01 19:57:30'),(85,174,27,199553474,1,'2023-03-01 19:57:37'),(86,174,27,235286086,1,'2023-03-01 19:57:44'),(87,174,27,200637674,1,'2023-03-01 19:57:53'),(88,174,27,200637664,1,'2023-03-01 19:58:00'),(89,174,27,235286126,1,'2023-03-01 19:58:08'),(90,174,27,235286136,1,'2023-03-01 19:58:14'),(91,174,14,172364604,1,'2023-03-02 13:49:07'),(92,174,14,172364814,1,'2023-03-02 13:49:13'),(93,174,14,172364834,1,'2023-03-02 13:49:19'),(94,174,14,172364844,1,'2023-03-02 13:49:25'),(95,174,14,172364854,1,'2023-03-02 13:49:31'),(96,174,14,173618334,1,'2023-03-02 13:49:37'),(97,174,14,181681634,1,'2023-03-02 13:49:44'),(98,174,14,172364604,1,'2023-03-02 13:50:07'),(99,174,14,172364814,1,'2023-03-02 13:50:12'),(100,174,14,172364834,1,'2023-03-02 13:50:18'),(101,174,14,172364844,1,'2023-03-02 13:50:24'),(102,174,14,172364854,1,'2023-03-02 13:50:30'),(103,174,14,173618334,1,'2023-03-02 13:50:35'),(104,174,14,181681634,1,'2023-03-02 13:50:42'),(105,174,14,172364874,1,'2023-03-02 13:53:09'),(106,174,14,172364884,1,'2023-03-02 13:53:15'),(107,174,14,172364894,1,'2023-03-02 13:53:20'),(108,174,14,172364904,1,'2023-03-02 13:53:26'),(109,206,25,231808003,1,'2023-03-03 12:20:08'),(110,206,25,231808003,1,'2023-03-03 12:21:08'),(111,206,19,231808003,1,'2023-03-03 12:21:13'),(112,206,19,231808003,1,'2023-03-03 12:31:08'),(113,206,25,231808003,1,'2023-03-03 13:28:08'),(114,206,19,231808003,1,'2023-03-03 13:30:08'),(115,206,19,231808003,1,'2023-03-03 13:35:08'),(116,206,19,231808003,1,'2023-03-03 13:39:09'),(117,206,19,231808003,1,'2023-03-03 13:47:07'),(118,206,19,231808003,1,'2023-03-03 13:48:08'),(119,206,19,231808003,1,'2023-03-03 13:49:07'),(120,206,19,231808003,1,'2023-03-03 13:55:08'),(121,206,19,231808003,0,'2023-03-03 13:56:08'),(122,174,28,245291756,1,'2023-03-12 09:09:10'),(123,174,28,242174426,1,'2023-03-12 09:09:17'),(124,174,28,242172576,1,'2023-03-12 09:09:24'),(125,174,28,242174346,1,'2023-03-12 09:09:39'),(126,174,28,242172496,1,'2023-03-12 09:09:46'),(127,174,28,245291856,1,'2023-03-12 09:09:54'),(128,174,28,242174766,1,'2023-03-12 09:10:09'),(129,174,28,242172706,1,'2023-03-12 09:10:19'),(130,174,28,245292166,1,'2023-03-12 09:10:23'),(131,174,28,242175646,1,'2023-03-12 09:10:29'),(132,174,28,242175836,1,'2023-03-12 09:10:36'),(133,174,28,242175706,1,'2023-03-12 09:10:43'),(134,174,28,242175516,1,'2023-03-12 09:10:52'),(135,174,28,242175676,1,'2023-03-12 09:10:59'),(136,174,28,245292006,1,'2023-03-12 09:11:08'),(137,174,28,242175856,1,'2023-03-12 09:11:15'),(138,174,28,245292006,1,'2023-03-12 09:11:29'),(139,174,28,242175856,1,'2023-03-12 09:11:42'),(140,174,28,246722056,1,'2023-03-12 09:16:09'),(141,174,28,246722136,1,'2023-03-12 09:16:15'),(142,174,28,246722056,1,'2023-03-12 09:20:07'),(143,174,28,246722136,1,'2023-03-12 09:20:13'),(144,174,28,246722136,1,'2023-03-12 09:25:07'),(145,174,28,246722136,1,'2023-03-13 08:58:07'),(146,206,19,231808003,0,'2023-03-13 13:07:07'),(147,174,28,242172496,1,'2023-03-14 14:52:10'),(148,174,28,242172496,1,'2023-03-14 14:56:09'),(149,174,28,242172496,1,'2023-03-14 14:58:08'),(150,174,28,246722136,1,'2023-03-15 09:26:08'),(151,174,28,242172496,1,'2023-03-15 09:28:09'),(152,174,28,242172496,1,'2023-03-15 09:40:11'),(153,174,28,246722056,1,'2023-03-15 14:23:16'),(154,174,28,246722136,1,'2023-03-16 07:16:07'),(155,174,28,246722136,1,'2023-03-17 08:09:08'),(156,174,28,246722136,1,'2023-03-17 08:17:08'),(157,174,28,247361546,1,'2023-03-17 12:26:09'),(158,174,28,247361576,1,'2023-03-17 12:26:16'),(159,174,28,247361666,1,'2023-03-17 12:26:34'),(160,174,28,247361726,1,'2023-03-17 12:26:41'),(161,174,28,246722136,1,'2023-03-20 10:11:08'),(162,174,28,246722136,1,'2023-03-20 10:13:07'),(163,174,28,246722136,1,'2023-03-20 10:20:08'),(164,174,28,246722136,1,'2023-03-20 10:23:09'),(165,174,28,246722136,1,'2023-03-20 12:05:08'),(166,174,28,246722136,1,'2023-03-21 07:46:07'),(167,174,26,172364604,1,'2023-03-21 09:11:07'),(168,174,26,172364814,1,'2023-03-21 09:11:12'),(169,174,26,172364834,1,'2023-03-21 09:11:18'),(170,174,26,172364844,1,'2023-03-21 09:11:23'),(171,174,26,172364854,1,'2023-03-21 09:11:28'),(172,174,26,173618334,1,'2023-03-21 09:11:33'),(173,174,26,181681634,1,'2023-03-21 09:11:38'),(174,174,29,172364604,1,'2023-03-21 10:23:05'),(175,174,29,172364814,1,'2023-03-21 10:23:09'),(176,174,29,172364834,1,'2023-03-21 10:23:14'),(177,174,29,172364844,1,'2023-03-21 10:23:18'),(178,174,29,172364854,1,'2023-03-21 10:23:22'),(179,174,29,173618334,1,'2023-03-21 10:23:27'),(180,174,29,181681634,1,'2023-03-21 10:23:32'),(181,174,28,248133686,1,'2023-03-21 10:45:09'),(182,174,28,246722056,1,'2023-03-21 13:08:09'),(183,174,28,246722056,1,'2023-03-22 07:46:08'),(184,174,28,246722056,1,'2023-03-22 08:02:08'),(185,174,28,246722046,1,'2023-03-22 08:17:07'),(186,174,28,246722056,1,'2023-03-22 08:25:09'),(187,174,28,242175676,1,'2023-03-22 08:56:09'),(188,174,28,246722056,1,'2023-03-22 14:09:09'),(189,174,14,246722056,1,'2023-03-22 14:09:30'),(190,174,30,246722136,1,'2023-03-22 14:12:05'),(191,174,30,246722136,1,'2023-03-23 11:45:44'),(192,174,30,246722136,1,'2023-03-23 11:46:05'),(193,174,30,246722136,1,'2023-03-23 11:47:05'),(194,174,30,246722136,1,'2023-03-23 11:48:04'),(195,174,30,246722136,1,'2023-03-23 11:49:06'),(196,174,30,246722136,1,'2023-03-23 11:50:05'),(197,174,30,246722136,1,'2023-03-23 12:04:05'),(198,174,30,246722056,1,'2023-03-23 12:04:12'),(199,174,30,246722056,1,'2023-03-23 12:17:07'),(200,174,30,246722056,1,'2023-03-23 12:32:45'),(201,174,30,246722056,1,'2023-03-23 12:33:57'),(202,174,30,246722056,1,'2023-03-23 12:34:17'),(203,174,30,246722056,1,'2023-03-23 12:34:50'),(204,174,30,246722056,1,'2023-03-23 12:35:48'),(205,174,30,246722056,1,'2023-03-23 13:20:35'),(206,174,30,246722056,1,'2023-03-23 13:21:05'),(207,174,30,246722056,1,'2023-03-23 13:22:05'),(208,174,30,246722056,1,'2023-03-23 13:23:05'),(209,174,30,246722056,1,'2023-03-23 13:24:05'),(210,174,30,246722056,1,'2023-03-23 13:33:05'),(211,174,30,246722046,1,'2023-03-23 13:59:05'),(212,174,30,246722046,1,'2023-03-23 14:31:07'),(213,174,30,246722046,1,'2023-03-23 14:38:05'),(214,174,30,246722046,1,'2023-03-23 15:05:05'),(215,174,28,245292166,1,'2023-03-23 15:29:09'),(216,174,28,246722046,1,'2023-03-23 15:29:24'),(217,174,28,242175836,1,'2023-03-23 15:29:31'),(218,174,28,246722056,1,'2023-03-23 15:29:39'),(219,174,28,242175706,1,'2023-03-23 15:29:46'),(220,174,28,242175516,1,'2023-03-23 15:29:53'),(221,174,28,242175676,1,'2023-03-23 15:30:00'),(222,174,28,245292006,1,'2023-03-23 15:30:08'),(223,174,28,242175856,1,'2023-03-23 15:30:15'),(224,174,28,242175856,1,'2023-03-23 15:34:08'),(225,174,28,248820936,1,'2023-03-23 15:34:16'),(226,174,28,248791876,1,'2023-03-27 12:59:09'),(227,174,28,249218616,1,'2023-03-27 12:59:09'),(228,174,28,249218576,1,'2023-03-27 12:59:16'),(229,174,28,242172706,1,'2023-03-27 12:59:16'),(230,174,28,242174766,1,'2023-03-27 12:59:24'),(231,174,28,249218616,1,'2023-03-27 12:59:24'),(232,174,28,249218576,1,'2023-03-27 12:59:30'),(233,174,28,242174346,1,'2023-03-27 12:59:31'),(234,174,28,249218616,1,'2023-03-27 12:59:37'),(235,174,28,248809666,1,'2023-03-27 12:59:38'),(236,174,28,246722136,1,'2023-03-27 12:59:45'),(237,174,28,242172576,1,'2023-03-27 12:59:52'),(238,174,28,242172496,1,'2023-03-27 12:59:59'),(239,174,28,245291856,1,'2023-03-27 13:00:07'),(240,174,28,245291756,1,'2023-03-27 13:00:14'),(241,174,28,246722126,1,'2023-03-27 13:00:21'),(242,174,28,242175516,1,'2023-03-27 13:00:28'),(243,174,28,248820936,1,'2023-03-27 13:00:35'),(244,174,28,242175836,1,'2023-03-27 13:00:42'),(245,174,28,242175706,1,'2023-03-27 13:00:50'),(246,174,28,246722056,1,'2023-03-27 13:00:57'),(247,174,28,245292006,1,'2023-03-27 13:01:04'),(248,174,28,246722136,1,'2023-03-27 13:01:09'),(249,174,28,242175676,1,'2023-03-27 13:01:11'),(250,174,28,245292166,1,'2023-03-27 13:01:18'),(251,174,28,242175646,1,'2023-03-27 13:01:25'),(252,174,28,242175856,1,'2023-03-27 13:01:33'),(253,174,28,249218616,1,'2023-03-27 13:01:40'),(254,174,28,246722136,1,'2023-03-27 13:07:08'),(255,174,28,246722136,1,'2023-03-27 13:10:10'),(256,174,28,246722056,1,'2023-03-27 13:17:09'),(257,174,28,246722056,1,'2023-03-27 13:19:10'),(258,174,28,246722056,1,'2023-03-27 13:21:09'),(259,174,28,249218576,1,'2023-03-27 16:03:09'),(260,174,28,249218616,1,'2023-03-27 16:03:16'),(261,174,28,249218576,1,'2023-03-28 13:58:17'),(262,174,28,249218576,1,'2023-03-28 14:00:39'),(263,174,28,249218576,1,'2023-03-28 14:31:10'),(264,174,28,249218576,1,'2023-03-28 15:00:09'),(265,174,28,249218576,1,'2023-03-28 16:15:08'),(266,174,28,248774976,1,'2023-03-28 16:23:08'),(267,174,28,247945386,1,'2023-03-28 16:23:15'),(268,174,28,248775086,1,'2023-03-28 16:23:21'),(269,174,28,247945426,1,'2023-03-28 16:23:28'),(270,174,28,247945366,1,'2023-03-28 16:23:34'),(271,174,28,248774816,1,'2023-03-28 16:23:40'),(272,174,28,248774746,1,'2023-03-28 16:23:47'),(273,174,28,247945436,1,'2023-03-28 16:23:53'),(274,174,28,209185946,1,'2023-03-29 07:57:09'),(275,174,28,209185956,1,'2023-03-29 07:57:16'),(276,174,28,209185996,1,'2023-03-29 08:12:10'),(277,174,28,212786706,1,'2023-03-29 08:12:17'),(278,174,28,245291426,1,'2023-03-29 08:12:25'),(279,174,28,209185956,1,'2023-03-29 08:12:32'),(280,174,28,211757876,1,'2023-03-29 08:12:39'),(281,174,28,212786856,1,'2023-03-29 08:12:46'),(282,174,28,211729826,1,'2023-03-29 08:12:54'),(283,174,28,209185946,1,'2023-03-29 08:13:01'),(284,174,28,211750396,1,'2023-03-29 08:13:08'),(285,174,28,211758436,1,'2023-03-29 08:13:15'),(286,174,28,209185986,1,'2023-03-29 08:13:23'),(287,174,28,211729916,1,'2023-03-29 08:13:30'),(288,174,28,245291406,1,'2023-03-29 08:13:37'),(289,174,28,209185976,1,'2023-03-29 08:13:44'),(290,174,28,242175516,1,'2023-03-29 12:46:09'),(291,174,28,242175646,1,'2023-03-29 12:46:16'),(292,174,28,209185996,1,'2023-03-29 13:06:11'),(293,174,28,212786706,1,'2023-03-29 13:06:18'),(294,174,28,245291426,1,'2023-03-29 13:06:25'),(295,174,28,209185956,1,'2023-03-29 13:06:32'),(296,174,28,211757876,1,'2023-03-29 13:06:38'),(297,174,28,212786856,1,'2023-03-29 13:06:45'),(298,174,28,211729826,1,'2023-03-29 13:06:52'),(299,174,28,209185946,1,'2023-03-29 13:06:59'),(300,174,28,211750396,1,'2023-03-29 13:07:06'),(301,174,28,211758436,1,'2023-03-29 13:07:13'),(302,174,28,209185986,1,'2023-03-29 13:07:21'),(303,174,28,211729916,1,'2023-03-29 13:07:28'),(304,174,28,245291406,1,'2023-03-29 13:07:34'),(305,174,28,209185976,1,'2023-03-29 13:07:42'),(306,174,28,245291576,1,'2023-03-29 13:07:50'),(307,174,28,212187846,1,'2023-03-29 13:07:57'),(308,174,28,211729256,1,'2023-03-29 13:08:05'),(309,174,28,212187876,1,'2023-03-29 13:08:12'),(310,174,28,211731326,1,'2023-03-29 13:08:19'),(311,174,28,212178886,1,'2023-03-29 13:08:26'),(312,174,28,211731316,1,'2023-03-29 13:08:33'),(313,174,28,211729246,1,'2023-03-29 13:08:41'),(314,174,28,212852746,1,'2023-03-29 13:08:48'),(315,174,28,212178876,1,'2023-03-29 13:08:55'),(316,174,28,211731336,1,'2023-03-29 13:09:03'),(317,174,28,245291566,1,'2023-03-29 13:09:10'),(318,174,28,212187786,1,'2023-03-29 13:09:17'),(319,174,28,212178866,1,'2023-03-29 13:09:25'),(320,174,28,212852826,1,'2023-03-29 13:09:32'),(321,174,28,209185946,1,'2023-03-29 13:41:10'),(322,174,28,209185996,1,'2023-03-29 14:23:09'),(323,174,28,212786706,1,'2023-03-29 14:23:15'),(324,174,28,245291426,1,'2023-03-29 14:23:22'),(325,174,28,209185956,1,'2023-03-29 14:23:29'),(326,174,28,211757876,1,'2023-03-29 14:23:36'),(327,174,28,212786856,1,'2023-03-29 14:23:43'),(328,174,28,211729826,1,'2023-03-29 14:23:50'),(329,174,28,209185946,1,'2023-03-29 14:23:57'),(330,174,28,211750396,1,'2023-03-29 14:24:04'),(331,174,28,211758436,1,'2023-03-29 14:24:10'),(332,174,28,209185986,1,'2023-03-29 14:24:17'),(333,174,28,211758436,1,'2023-03-29 14:24:18'),(334,174,28,211729916,1,'2023-03-29 14:24:24'),(335,174,28,209185986,1,'2023-03-29 14:24:25'),(336,174,28,245291406,1,'2023-03-29 14:24:31'),(337,174,28,211729916,1,'2023-03-29 14:24:31'),(338,174,28,209185976,1,'2023-03-29 14:24:38'),(339,174,28,245291406,1,'2023-03-29 14:24:38'),(340,174,28,209185976,1,'2023-03-29 14:24:45'),(341,174,28,209185996,1,'2023-03-29 14:25:10'),(342,174,28,212786706,1,'2023-03-29 14:25:17'),(343,174,28,245291426,1,'2023-03-29 14:25:25'),(344,174,28,209185956,1,'2023-03-29 14:25:32'),(345,174,28,211757876,1,'2023-03-29 14:25:39'),(346,174,28,212786856,1,'2023-03-29 14:25:46'),(347,174,28,211729826,1,'2023-03-29 14:25:54'),(348,174,28,209185946,1,'2023-03-29 14:26:01'),(349,174,28,211750396,1,'2023-03-29 14:26:08'),(350,174,28,211758436,1,'2023-03-29 14:26:15'),(351,174,28,209185986,1,'2023-03-29 14:26:22'),(352,174,28,211729916,1,'2023-03-29 14:26:29'),(353,174,28,245291406,1,'2023-03-29 14:26:36'),(354,174,28,209185976,1,'2023-03-29 14:26:43'),(355,174,28,245291856,1,'2023-03-29 14:26:51'),(356,174,28,242174766,1,'2023-03-29 14:26:58'),(357,174,28,249218576,1,'2023-03-29 14:27:05'),(358,174,28,248809666,1,'2023-03-29 14:27:13'),(359,174,28,242172576,1,'2023-03-29 14:27:20'),(360,174,28,242174426,1,'2023-03-29 14:27:27'),(361,174,28,245291756,1,'2023-03-29 14:27:34'),(362,174,28,242172706,1,'2023-03-29 14:27:41'),(363,174,28,246722126,1,'2023-03-29 14:27:49'),(364,174,28,248791876,1,'2023-03-29 14:27:56'),(365,174,28,246722136,1,'2023-03-29 14:28:02'),(366,174,28,242172496,1,'2023-03-29 14:28:10'),(367,174,28,242174346,1,'2023-03-29 14:28:17'),(368,174,28,209185996,1,'2023-03-29 14:57:09'),(369,174,28,212786706,1,'2023-03-29 14:57:16'),(370,174,28,245291426,1,'2023-03-29 14:57:23'),(371,174,28,209185956,1,'2023-03-29 14:57:30'),(372,174,28,211757876,1,'2023-03-29 14:57:37'),(373,174,28,212786856,1,'2023-03-29 14:57:43'),(374,174,28,211729826,1,'2023-03-29 14:57:50'),(375,174,28,209185946,1,'2023-03-29 14:57:58'),(376,174,28,211750396,1,'2023-03-29 14:58:04'),(377,174,28,211758436,1,'2023-03-29 14:58:11'),(378,174,28,209185986,1,'2023-03-29 14:58:18'),(379,174,28,211729916,1,'2023-03-29 14:58:35'),(380,174,28,245291406,1,'2023-03-29 14:58:43'),(381,174,28,209185976,1,'2023-03-29 14:58:51'),(382,174,28,245291856,1,'2023-03-29 14:58:58'),(383,174,28,242174766,1,'2023-03-29 14:59:05'),(384,174,28,211758436,1,'2023-03-29 14:59:11'),(385,174,28,249218576,1,'2023-03-29 14:59:13'),(386,174,28,248809666,1,'2023-03-29 14:59:20'),(387,174,28,242172576,1,'2023-03-29 14:59:27'),(388,174,28,242174426,1,'2023-03-29 14:59:35'),(389,174,28,245291756,1,'2023-03-29 14:59:42'),(390,174,28,242172706,1,'2023-03-29 14:59:49'),(391,174,28,246722126,1,'2023-03-29 14:59:57'),(392,174,28,248791876,1,'2023-03-29 15:00:04'),(393,174,28,246722136,1,'2023-03-29 15:00:11'),(394,174,28,242172496,1,'2023-03-29 15:00:19'),(395,174,28,242174346,1,'2023-03-29 15:00:26'),(396,174,28,209185996,1,'2023-03-29 15:03:09'),(397,174,28,212786706,1,'2023-03-29 15:03:16'),(398,174,28,245291426,1,'2023-03-29 15:03:23'),(399,174,28,209185956,1,'2023-03-29 15:03:30'),(400,174,28,211757876,1,'2023-03-29 15:03:37'),(401,174,28,212786856,1,'2023-03-29 15:03:45'),(402,174,28,211729826,1,'2023-03-29 15:03:52'),(403,174,28,209185946,1,'2023-03-29 15:04:00'),(404,174,28,211750396,1,'2023-03-29 15:04:07'),(405,174,28,211758436,1,'2023-03-29 15:04:14'),(406,174,28,209185986,1,'2023-03-29 15:04:21'),(407,174,28,211729916,1,'2023-03-29 15:04:28'),(408,174,28,245291406,1,'2023-03-29 15:04:36'),(409,174,28,209185976,1,'2023-03-29 15:04:43'),(410,174,28,209185996,1,'2023-03-29 15:08:09'),(411,174,28,212786706,1,'2023-03-29 15:08:16'),(412,174,28,245291426,1,'2023-03-29 15:08:23'),(413,174,28,209185956,1,'2023-03-29 15:08:30'),(414,174,28,211757876,1,'2023-03-29 15:08:38'),(415,174,28,212786856,1,'2023-03-29 15:08:45'),(416,174,28,211729826,1,'2023-03-29 15:08:52'),(417,174,28,209185946,1,'2023-03-29 15:08:59'),(418,174,28,211750396,1,'2023-03-29 15:09:07'),(419,174,28,211758436,1,'2023-03-29 15:09:14'),(420,174,28,209185986,1,'2023-03-29 15:09:21'),(421,174,28,211729916,1,'2023-03-29 15:09:29'),(422,174,28,245291406,1,'2023-03-29 15:09:36'),(423,174,28,209185976,1,'2023-03-29 15:09:43'),(424,174,28,245291576,1,'2023-03-29 15:11:15'),(425,174,28,212187846,1,'2023-03-29 15:11:23'),(426,174,28,211729256,1,'2023-03-29 15:11:30'),(427,174,28,212187876,1,'2023-03-29 15:11:37'),(428,174,28,211731326,1,'2023-03-29 15:11:44'),(429,174,28,212178886,1,'2023-03-29 15:11:51'),(430,174,28,211731316,1,'2023-03-29 15:11:58'),(431,174,28,211729246,1,'2023-03-29 15:12:06'),(432,174,28,212852746,1,'2023-03-29 15:12:13'),(433,174,28,212178876,1,'2023-03-29 15:12:20'),(434,174,28,211731336,1,'2023-03-29 15:12:28'),(435,174,28,245291566,1,'2023-03-29 15:12:35'),(436,174,28,212187786,1,'2023-03-29 15:12:42'),(437,174,28,212178866,1,'2023-03-29 15:12:50'),(438,174,28,212852826,1,'2023-03-29 15:12:58'),(439,174,28,245291576,1,'2023-03-29 15:27:15'),(440,174,28,212187846,1,'2023-03-29 15:27:22'),(441,174,28,211729256,1,'2023-03-29 15:27:30'),(442,174,28,212187876,1,'2023-03-29 15:27:37'),(443,174,28,211731326,1,'2023-03-29 15:27:44'),(444,174,28,212178886,1,'2023-03-29 15:27:52'),(445,174,28,211731316,1,'2023-03-29 15:27:59'),(446,174,28,211729246,1,'2023-03-29 15:28:06'),(447,174,28,212852746,1,'2023-03-29 15:28:13'),(448,174,28,212178876,1,'2023-03-29 15:28:21'),(449,174,28,211731336,1,'2023-03-29 15:28:28'),(450,174,28,245291566,1,'2023-03-29 15:28:36'),(451,174,28,212187786,1,'2023-03-29 15:28:43'),(452,174,28,212178866,1,'2023-03-29 15:28:50'),(453,174,28,212852826,1,'2023-03-29 15:28:58'),(454,174,28,209185996,1,'2023-03-29 15:41:10'),(455,174,28,212786706,1,'2023-03-29 15:41:17'),(456,174,28,245291426,1,'2023-03-29 15:41:25'),(457,174,28,209185956,1,'2023-03-29 15:41:32'),(458,174,28,211757876,1,'2023-03-29 15:41:39'),(459,174,28,212786856,1,'2023-03-29 15:41:46'),(460,174,28,211729826,1,'2023-03-29 15:41:54'),(461,174,28,209185946,1,'2023-03-29 15:42:01'),(462,174,28,211750396,1,'2023-03-29 15:42:08'),(463,174,28,211758436,1,'2023-03-29 15:42:15'),(464,174,28,209185986,1,'2023-03-29 15:42:22'),(465,174,28,211729916,1,'2023-03-29 15:42:29'),(466,174,28,245291406,1,'2023-03-29 15:42:36'),(467,174,28,209185976,1,'2023-03-29 15:42:44'),(468,174,28,209185996,1,'2023-03-29 15:44:09'),(469,174,28,212786706,1,'2023-03-29 15:44:17'),(470,174,28,245291426,1,'2023-03-29 15:44:24'),(471,174,28,209185956,1,'2023-03-29 15:44:31'),(472,174,28,211757876,1,'2023-03-29 15:44:38'),(473,174,28,212786856,1,'2023-03-29 15:44:46'),(474,174,28,211729826,1,'2023-03-29 15:44:53'),(475,174,28,209185946,1,'2023-03-29 15:45:00'),(476,174,28,211750396,1,'2023-03-29 15:45:08'),(477,174,28,211758436,1,'2023-03-29 15:45:15'),(478,174,28,209185986,1,'2023-03-29 15:45:23'),(479,174,28,211729916,1,'2023-03-29 15:45:30'),(480,174,28,245291406,1,'2023-03-29 15:45:37'),(481,174,28,209185976,1,'2023-03-29 15:45:44'),(482,174,28,250468496,1,'2023-03-30 15:15:11'),(483,174,28,250468526,1,'2023-03-30 15:15:18'),(484,174,28,250468676,1,'2023-03-30 15:15:25'),(485,174,28,250468716,1,'2023-03-30 15:15:32'),(486,174,28,246722056,1,'2023-04-06 10:30:41'),(487,174,28,246722056,1,'2023-04-06 10:31:02'),(488,174,28,246722056,1,'2023-04-06 10:31:34'),(489,174,28,252968146,1,'2023-04-10 16:57:10'),(490,174,28,252968186,1,'2023-04-10 16:57:17'),(491,174,28,252968276,1,'2023-04-10 16:57:26'),(492,174,28,252968286,1,'2023-04-10 16:57:34'),(493,174,28,246722056,1,'2023-04-11 10:58:09'),(494,174,28,246722056,1,'2023-04-12 08:27:09'),(495,174,28,246722056,1,'2023-04-12 09:08:09'),(496,174,28,247945806,1,'2023-04-17 10:25:11'),(497,174,28,247945826,1,'2023-04-17 10:25:18'),(498,174,28,247945776,1,'2023-04-17 10:25:25'),(499,174,28,247945786,1,'2023-04-17 10:25:34'),(500,174,28,247945806,1,'2023-04-17 10:29:10'),(501,174,28,247945826,1,'2023-04-17 10:29:18'),(502,174,28,247945776,1,'2023-04-17 10:29:26'),(503,174,28,247945786,1,'2023-04-17 10:29:32'),(504,174,28,254081246,1,'2023-04-17 10:35:11'),(505,174,28,254081136,1,'2023-04-17 10:35:19'),(506,174,28,254080936,1,'2023-04-17 10:35:27'),(507,174,28,254081036,1,'2023-04-17 10:35:34'),(508,174,28,254086006,1,'2023-04-17 10:44:10'),(509,174,28,254085956,1,'2023-04-17 10:44:18'),(510,174,28,254085906,1,'2023-04-17 10:44:27'),(511,174,28,246722056,1,'2023-04-18 09:34:11'),(512,174,28,246722056,1,'2023-04-18 09:37:11'),(513,174,28,246722056,1,'2023-04-18 09:39:10'),(514,174,28,246722056,1,'2023-04-18 09:41:10'),(515,174,28,255173576,1,'2023-04-21 08:59:09'),(516,174,28,255173656,1,'2023-04-21 08:59:16'),(517,174,28,255173666,1,'2023-04-21 08:59:23'),(518,174,28,255173686,1,'2023-04-21 08:59:32'),(519,174,28,255173706,1,'2023-04-21 08:59:39'),(520,174,29,191454934,1,'2023-05-08 14:45:09'),(521,174,28,258285966,1,'2023-05-10 12:34:06'),(522,174,28,258286676,1,'2023-05-10 12:35:06'),(523,174,28,258287846,1,'2023-05-10 12:35:11'),(524,174,28,258288096,1,'2023-05-10 12:35:15'),(525,174,28,258291266,1,'2023-05-10 12:35:20'),(526,174,28,258302686,1,'2023-05-10 12:35:24'),(527,174,28,258302926,1,'2023-05-10 12:35:28'),(528,174,28,258285966,1,'2023-05-10 12:47:07'),(529,174,28,258286676,1,'2023-05-10 12:47:12'),(530,174,28,258287846,1,'2023-05-10 12:47:17'),(531,174,28,258288096,1,'2023-05-10 12:47:21'),(532,174,28,258291266,1,'2023-05-10 12:47:26'),(533,174,28,258302686,1,'2023-05-10 12:47:31'),(534,174,28,258302926,1,'2023-05-10 12:47:35'),(535,174,28,258302686,1,'2023-05-10 13:03:06'),(536,174,28,258302926,1,'2023-05-10 13:03:10'),(537,174,28,258287846,1,'2023-05-10 15:37:07'),(538,174,28,258288096,1,'2023-05-10 15:37:12'),(539,174,28,258286676,1,'2023-05-10 15:37:17'),(540,174,28,258394416,1,'2023-05-10 15:37:23'),(541,174,28,258285966,1,'2023-05-10 15:37:28'),(542,174,28,258286676,1,'2023-05-10 15:39:07'),(543,174,31,204052874,1,'2023-05-11 11:12:08'),(544,174,31,204052904,1,'2023-05-11 11:12:14'),(545,174,31,207336914,1,'2023-05-11 11:12:20'),(546,174,31,204052744,1,'2023-05-11 11:12:26'),(547,174,31,204052914,1,'2023-05-11 11:12:32'),(548,174,31,206837474,1,'2023-05-11 11:12:38'),(549,174,31,205299674,1,'2023-05-11 11:12:44'),(550,174,31,205299704,1,'2023-05-11 11:12:51'),(551,174,31,204052894,1,'2023-05-11 11:12:57'),(552,174,31,204052734,1,'2023-05-11 11:13:03'),(553,174,31,204051924,1,'2023-05-11 11:13:09'),(554,174,31,205300414,1,'2023-05-11 11:13:15'),(555,174,31,204051834,1,'2023-05-11 11:13:21'),(556,174,31,204052014,1,'2023-05-11 11:13:27'),(557,174,31,205300294,1,'2023-05-11 11:13:33'),(558,174,31,204051994,1,'2023-05-11 11:13:39'),(559,174,31,204051914,1,'2023-05-11 11:13:45'),(560,174,31,206836494,1,'2023-05-11 11:13:51'),(561,174,31,207336904,1,'2023-05-11 11:13:57'),(562,174,31,204051704,1,'2023-05-11 11:14:04'),(563,174,31,204052874,1,'2023-05-11 11:16:09'),(564,174,31,204052904,1,'2023-05-11 11:16:16'),(565,174,31,207336914,1,'2023-05-11 11:16:23'),(566,174,31,204052744,1,'2023-05-11 11:16:31'),(567,174,31,204052914,1,'2023-05-11 11:16:38'),(568,174,31,206837474,1,'2023-05-11 11:16:45'),(569,174,31,205299674,1,'2023-05-11 11:16:53'),(570,174,31,205299704,1,'2023-05-11 11:17:00'),(571,174,31,204052894,1,'2023-05-11 11:17:08'),(572,174,31,204052734,1,'2023-05-11 11:17:15'),(573,174,31,204052744,1,'2023-05-12 13:27:07'),(574,174,31,204052904,1,'2023-05-12 13:30:08'),(575,174,31,204052874,1,'2023-05-12 13:30:14'),(576,174,31,214909694,1,'2023-05-12 13:30:21'),(577,174,31,204052914,1,'2023-05-12 13:30:27'),(578,174,31,205299704,1,'2023-05-12 13:30:33'),(579,174,31,206837474,1,'2023-05-12 13:30:40'),(580,174,31,204052894,1,'2023-05-12 13:30:46'),(581,174,31,207336914,1,'2023-05-12 13:30:52'),(582,174,31,204052744,1,'2023-05-12 13:30:58'),(583,174,31,214909684,1,'2023-05-12 13:31:04'),(584,174,31,205299674,1,'2023-05-12 13:31:10'),(585,174,31,204052734,1,'2023-05-12 13:31:17'),(586,174,31,214909704,1,'2023-05-12 13:31:23'),(587,174,31,204052744,1,'2023-05-12 13:49:07'),(588,174,31,204052904,1,'2023-05-12 13:50:08'),(589,174,31,204052874,1,'2023-05-12 13:50:14'),(590,174,31,214909694,1,'2023-05-12 13:50:20'),(591,174,31,204052914,1,'2023-05-12 13:50:26'),(592,174,31,205299704,1,'2023-05-12 13:50:31'),(593,174,31,206837474,1,'2023-05-12 13:50:37'),(594,174,31,204052894,1,'2023-05-12 13:50:43'),(595,174,31,207336914,1,'2023-05-12 13:50:49'),(596,174,31,204052744,1,'2023-05-12 13:50:55'),(597,174,31,214909684,1,'2023-05-12 13:51:01'),(598,174,31,205299674,1,'2023-05-12 13:51:07'),(599,174,31,204052734,1,'2023-05-12 13:51:13'),(600,174,31,214909704,1,'2023-05-12 13:51:19'),(601,174,31,204052744,1,'2023-05-12 13:53:08'),(602,174,31,204052904,1,'2023-05-12 14:30:07'),(603,174,31,205299704,1,'2023-05-12 14:30:12'),(604,174,31,204052904,1,'2023-05-12 14:31:07'),(605,174,31,205299704,1,'2023-05-12 14:31:12'),(606,174,31,204052904,1,'2023-05-12 14:33:07'),(607,174,31,204052874,1,'2023-05-12 14:33:13'),(608,174,31,214909694,1,'2023-05-12 14:33:18'),(609,174,31,204052914,1,'2023-05-12 14:33:23'),(610,174,31,205299704,1,'2023-05-12 14:33:29'),(611,174,31,206837474,1,'2023-05-12 14:33:34'),(612,174,31,204052894,1,'2023-05-12 14:33:39'),(613,174,31,207336914,1,'2023-05-12 14:33:44'),(614,174,31,204052744,1,'2023-05-12 14:33:49'),(615,174,31,214909684,1,'2023-05-12 14:33:55'),(616,174,31,205299674,1,'2023-05-12 14:34:00'),(617,174,31,204052734,1,'2023-05-12 14:34:05'),(618,174,31,214909704,1,'2023-05-12 14:34:10'),(619,174,31,204052904,1,'2023-05-12 15:14:07'),(620,174,31,204052874,1,'2023-05-12 15:14:12'),(621,174,31,214909694,1,'2023-05-12 15:14:17'),(622,174,31,204052914,1,'2023-05-12 15:14:22'),(623,174,31,205299704,1,'2023-05-12 15:14:28'),(624,174,31,206837474,1,'2023-05-12 15:14:33'),(625,174,31,204052894,1,'2023-05-12 15:14:38'),(626,174,31,207336914,1,'2023-05-12 15:14:43'),(627,174,31,204052744,1,'2023-05-12 15:14:48'),(628,174,31,214909684,1,'2023-05-12 15:14:53'),(629,174,31,205299674,1,'2023-05-12 15:14:58'),(630,174,31,204052734,1,'2023-05-12 15:15:03'),(631,174,31,214909704,1,'2023-05-12 15:15:08'),(632,174,31,204052904,1,'2023-05-12 15:27:07'),(633,174,31,204052874,1,'2023-05-12 15:27:12'),(634,174,31,214909694,1,'2023-05-12 15:27:17'),(635,174,31,204052914,1,'2023-05-12 15:27:22'),(636,174,31,205299704,1,'2023-05-12 15:27:26'),(637,174,31,206837474,1,'2023-05-12 15:27:31'),(638,174,31,204052894,1,'2023-05-12 15:27:36'),(639,174,31,207336914,1,'2023-05-12 15:27:41'),(640,174,31,204052744,1,'2023-05-12 15:27:46'),(641,174,31,214909684,1,'2023-05-12 15:27:51'),(642,174,31,205299674,1,'2023-05-12 15:27:56'),(643,174,31,204052734,1,'2023-05-12 15:28:01'),(644,174,31,214909704,1,'2023-05-12 15:28:05'),(645,174,31,214909694,1,'2023-05-19 13:39:09'),(646,174,31,206837474,1,'2023-05-19 13:39:15'),(647,174,31,205299674,1,'2023-05-19 13:39:21'),(648,174,31,205299704,1,'2023-05-19 13:39:28'),(649,174,31,204052874,1,'2023-05-19 13:39:34'),(650,174,31,214909684,1,'2023-05-19 13:39:41'),(651,174,31,204052914,1,'2023-05-19 13:39:47'),(652,174,31,214909704,1,'2023-05-19 13:39:54'),(653,174,31,204052894,1,'2023-05-19 13:39:59'),(654,174,31,204052734,1,'2023-05-19 13:40:05'),(655,174,31,204052904,1,'2023-05-19 13:40:12'),(656,174,31,207336914,1,'2023-05-19 13:40:19'),(657,174,31,204052744,1,'2023-05-19 13:40:24'),(658,174,31,214909694,1,'2023-05-19 14:00:09'),(659,174,31,206837474,1,'2023-05-19 14:00:16'),(660,174,31,205299674,1,'2023-05-19 14:00:22'),(661,174,31,205299704,1,'2023-05-19 14:00:29'),(662,174,31,204052874,1,'2023-05-19 14:00:35'),(663,174,31,214909684,1,'2023-05-19 14:00:41'),(664,174,31,204052914,1,'2023-05-19 14:00:47'),(665,174,31,214909704,1,'2023-05-19 14:00:54'),(666,174,31,204052894,1,'2023-05-19 14:01:00'),(667,174,31,204052734,1,'2023-05-19 14:01:06'),(668,174,31,204052904,1,'2023-05-19 14:01:13'),(669,174,31,207336914,1,'2023-05-19 14:01:20'),(670,174,31,204052744,1,'2023-05-19 14:01:25'),(671,174,31,214909694,1,'2023-05-19 14:04:08'),(672,174,31,206837474,1,'2023-05-19 14:04:15'),(673,174,31,205299674,1,'2023-05-19 14:04:21'),(674,174,31,205299704,1,'2023-05-19 14:04:28'),(675,174,31,204052874,1,'2023-05-19 14:04:34'),(676,174,31,214909684,1,'2023-05-19 14:04:41'),(677,174,31,204052914,1,'2023-05-19 14:04:47'),(678,174,31,214909704,1,'2023-05-19 14:04:53'),(679,174,31,204052894,1,'2023-05-19 14:04:59'),(680,174,31,204052734,1,'2023-05-19 14:05:05'),(681,174,31,204052904,1,'2023-05-19 14:05:12'),(682,174,31,207336914,1,'2023-05-19 14:05:19'),(683,174,31,204052744,1,'2023-05-19 14:05:25'),(684,174,31,214909694,1,'2023-05-19 14:10:07'),(685,174,31,206837474,1,'2023-05-19 14:10:12'),(686,174,31,205299674,1,'2023-05-19 14:10:18'),(687,174,31,205299704,1,'2023-05-19 14:10:23'),(688,174,31,204052874,1,'2023-05-19 14:10:28'),(689,174,31,214909684,1,'2023-05-19 14:10:33'),(690,174,31,204052914,1,'2023-05-19 14:10:38'),(691,174,31,214909704,1,'2023-05-19 14:10:43'),(692,174,31,204052894,1,'2023-05-19 14:10:48'),(693,174,31,204052734,1,'2023-05-19 14:10:53'),(694,174,31,204052904,1,'2023-05-19 14:10:58'),(695,174,31,207336914,1,'2023-05-19 14:11:04'),(696,174,31,204052744,1,'2023-05-19 14:11:09'),(697,174,31,204052904,1,'2023-05-23 12:52:12'),(698,174,31,204052874,1,'2023-05-23 12:52:18'),(699,174,31,214909694,1,'2023-05-23 12:52:22'),(700,174,31,204052914,1,'2023-05-23 12:52:28'),(701,174,31,205299704,1,'2023-05-23 12:52:33'),(702,174,31,206837474,1,'2023-05-23 12:52:38'),(703,174,31,204052894,1,'2023-05-23 12:52:43'),(704,174,31,207336914,1,'2023-05-23 12:52:48'),(705,174,31,204052744,1,'2023-05-23 12:52:53'),(706,174,31,214909684,1,'2023-05-23 12:52:59'),(707,174,31,205299674,1,'2023-05-23 12:53:04'),(708,174,31,204052734,1,'2023-05-23 12:53:09'),(709,174,31,214909704,1,'2023-05-23 12:53:14'),(710,174,31,204052904,1,'2023-05-23 13:33:38'),(711,174,31,204052874,1,'2023-05-23 13:33:44'),(712,174,31,214909694,1,'2023-05-23 13:33:50'),(713,174,31,204052914,1,'2023-05-23 13:33:56'),(714,174,31,205299704,1,'2023-05-23 13:34:02'),(715,174,31,206837474,1,'2023-05-23 13:34:08'),(716,174,31,204052894,1,'2023-05-23 13:34:14'),(717,174,31,207336914,1,'2023-05-23 13:34:20'),(718,174,31,204052744,1,'2023-05-23 13:34:26'),(719,174,31,214909684,1,'2023-05-23 13:34:32'),(720,174,31,205299674,1,'2023-05-23 13:34:38'),(721,174,31,204052734,1,'2023-05-23 13:34:42'),(722,174,31,214909704,1,'2023-05-23 13:34:47'),(723,174,31,204052904,1,'2023-05-23 13:36:26'),(724,174,31,204052874,1,'2023-05-23 13:36:32'),(725,174,31,214909694,1,'2023-05-23 13:36:38'),(726,174,31,204052914,1,'2023-05-23 13:36:44'),(727,174,31,205299704,1,'2023-05-23 13:36:49'),(728,174,31,206837474,1,'2023-05-23 13:36:55'),(729,174,31,204052894,1,'2023-05-23 13:37:01'),(730,174,31,207336914,1,'2023-05-23 13:37:07'),(731,174,31,204052744,1,'2023-05-23 13:37:13'),(732,174,31,214909684,1,'2023-05-23 13:37:19'),(733,174,31,205299674,1,'2023-05-23 13:37:25'),(734,174,31,204052734,1,'2023-05-23 13:37:31'),(735,174,31,214909704,1,'2023-05-23 13:37:37'),(736,174,31,204052904,1,'2023-05-23 13:44:57'),(737,174,31,204052874,1,'2023-05-23 13:45:01'),(738,174,31,214909694,1,'2023-05-23 13:45:06'),(739,174,31,204052914,1,'2023-05-23 13:45:11'),(740,174,31,205299704,1,'2023-05-23 13:45:16'),(741,174,31,206837474,1,'2023-05-23 13:45:20'),(742,174,31,204052894,1,'2023-05-23 13:45:25'),(743,174,31,207336914,1,'2023-05-23 13:45:31'),(744,174,31,204052744,1,'2023-05-23 13:45:36'),(745,174,31,214909684,1,'2023-05-23 13:45:40'),(746,174,31,205299674,1,'2023-05-23 13:45:45'),(747,174,31,204052734,1,'2023-05-23 13:45:50'),(748,174,31,214909704,1,'2023-05-23 13:45:55'),(749,174,31,204052904,1,'2023-05-23 14:16:41'),(750,174,31,204052874,1,'2023-05-23 14:16:46'),(751,174,31,214909694,1,'2023-05-23 14:16:50'),(752,174,31,204052914,1,'2023-05-23 14:16:55'),(753,174,31,205299704,1,'2023-05-23 14:17:00'),(754,174,31,206837474,1,'2023-05-23 14:17:05'),(755,174,31,204052894,1,'2023-05-23 14:17:10'),(756,174,31,207336914,1,'2023-05-23 14:17:14'),(757,174,31,204052744,1,'2023-05-23 14:17:19'),(758,174,31,214909684,1,'2023-05-23 14:17:24'),(759,174,31,205299674,1,'2023-05-23 14:17:28'),(760,174,31,204052734,1,'2023-05-23 14:17:33'),(761,174,31,214909704,1,'2023-05-23 14:17:38'),(762,174,31,204052904,1,'2023-05-23 14:48:20'),(763,174,31,204052874,1,'2023-05-23 14:48:26'),(764,174,31,214909694,1,'2023-05-23 14:48:31'),(765,174,31,204052914,1,'2023-05-23 14:48:36'),(766,174,31,205299704,1,'2023-05-23 14:48:42'),(767,174,31,206837474,1,'2023-05-23 14:48:47'),(768,174,31,204052894,1,'2023-05-23 14:48:53'),(769,174,31,207336914,1,'2023-05-23 14:48:58'),(770,174,31,204052744,1,'2023-05-23 14:49:03'),(771,174,31,214909684,1,'2023-05-23 14:49:09'),(772,174,31,205299674,1,'2023-05-23 14:49:14'),(773,174,31,204052734,1,'2023-05-23 14:49:20'),(774,174,31,214909704,1,'2023-05-23 14:49:25'),(775,174,31,204052904,1,'2023-05-23 14:58:14'),(776,174,31,204052874,1,'2023-05-23 14:58:20'),(777,174,31,214909694,1,'2023-05-23 14:58:26'),(778,174,31,204052914,1,'2023-05-23 14:58:32'),(779,174,31,205299704,1,'2023-05-23 14:58:38'),(780,174,31,206837474,1,'2023-05-23 14:58:43'),(781,174,31,204052894,1,'2023-05-23 14:58:49'),(782,174,31,207336914,1,'2023-05-23 14:58:55'),(783,174,31,204052744,1,'2023-05-23 14:59:01'),(784,174,31,214909684,1,'2023-05-23 14:59:07'),(785,174,31,205299674,1,'2023-05-23 14:59:13'),(786,174,31,204052734,1,'2023-05-23 14:59:19'),(787,174,31,214909704,1,'2023-05-23 14:59:25'),(788,174,31,214909404,1,'2023-05-23 14:59:32'),(789,174,31,204051924,1,'2023-05-23 14:59:39'),(790,174,31,206836494,1,'2023-05-23 14:59:45'),(791,174,31,205300294,1,'2023-05-23 14:59:51'),(792,174,31,204051994,1,'2023-05-23 14:59:58'),(793,174,31,214909414,1,'2023-05-23 15:00:06'),(794,174,31,204052014,1,'2023-05-23 15:00:14'),(795,174,31,205300414,1,'2023-05-23 15:00:21'),(796,174,31,204051834,1,'2023-05-23 15:00:27'),(797,174,31,214909394,1,'2023-05-23 15:00:34'),(798,174,31,207336904,1,'2023-05-23 15:00:42'),(799,174,31,204051914,1,'2023-05-23 15:00:48'),(800,174,31,204051704,1,'2023-05-23 15:00:54'),(801,174,31,238174683,1,'2023-05-23 15:01:02'),(802,174,31,204052904,1,'2023-05-23 15:45:30'),(803,174,31,204052874,1,'2023-05-23 15:45:36'),(804,174,31,214909694,1,'2023-05-23 15:45:42'),(805,174,31,204052914,1,'2023-05-23 15:45:48'),(806,174,31,205299704,1,'2023-05-23 15:45:54'),(807,174,31,206837474,1,'2023-05-23 15:46:00'),(808,174,31,204052894,1,'2023-05-23 15:46:06'),(809,174,31,207336914,1,'2023-05-23 15:46:11'),(810,174,31,204052744,1,'2023-05-23 15:46:17'),(811,174,31,214909684,1,'2023-05-23 15:46:23'),(812,174,31,205299674,1,'2023-05-23 15:46:29'),(813,174,31,204052734,1,'2023-05-23 15:46:35'),(814,174,31,214909704,1,'2023-05-23 15:46:41'),(815,174,31,204052904,1,'2023-05-23 16:37:04'),(816,174,31,204052874,1,'2023-05-23 16:37:10'),(817,174,31,214909694,1,'2023-05-23 16:37:16'),(818,174,31,204052914,1,'2023-05-23 16:37:22'),(819,174,31,205299704,1,'2023-05-23 16:37:29'),(820,174,31,206837474,1,'2023-05-23 16:37:35'),(821,174,31,204052894,1,'2023-05-23 16:37:42'),(822,174,31,207336914,1,'2023-05-23 16:37:48'),(823,174,31,204052744,1,'2023-05-23 16:37:54'),(824,174,31,214909684,1,'2023-05-23 16:38:01'),(825,174,31,205299674,1,'2023-05-23 16:38:07'),(826,174,31,204052734,1,'2023-05-23 16:38:14'),(827,174,31,214909704,1,'2023-05-23 16:38:20'),(828,174,31,204052904,1,'2023-05-23 16:49:46'),(829,174,31,204052874,1,'2023-05-23 16:49:53'),(830,174,31,214909694,1,'2023-05-23 16:49:59'),(831,174,31,204052914,1,'2023-05-23 16:50:06'),(832,174,31,205299704,1,'2023-05-23 16:50:12'),(833,174,31,206837474,1,'2023-05-23 16:50:18'),(834,174,31,204052894,1,'2023-05-23 16:50:25'),(835,174,31,207336914,1,'2023-05-23 16:50:32'),(836,174,31,204052744,1,'2023-05-23 16:50:38'),(837,174,31,214909684,1,'2023-05-23 16:50:44'),(838,174,31,205299674,1,'2023-05-23 16:50:50'),(839,174,31,204052734,1,'2023-05-23 16:50:57'),(840,174,31,214909704,1,'2023-05-23 16:51:03'),(841,174,31,204052904,1,'2023-05-23 16:59:37'),(842,174,31,204052874,1,'2023-05-23 16:59:43'),(843,174,31,214909694,1,'2023-05-23 16:59:49'),(844,174,31,204052914,1,'2023-05-23 16:59:55'),(845,174,31,205299704,1,'2023-05-23 17:00:00'),(846,174,31,206837474,1,'2023-05-23 17:00:07'),(847,174,31,204052894,1,'2023-05-23 17:00:13'),(848,174,31,207336914,1,'2023-05-23 17:00:19'),(849,174,31,204052744,1,'2023-05-23 17:00:25'),(850,174,31,214909684,1,'2023-05-23 17:00:31'),(851,174,31,205299674,1,'2023-05-23 17:00:37'),(852,174,31,204052734,1,'2023-05-23 17:00:43'),(853,174,31,214909704,1,'2023-05-23 17:00:49'),(854,174,32,204051704,1,'2023-05-24 12:47:08'),(855,174,32,205300294,1,'2023-05-24 12:47:14'),(856,174,32,214909404,1,'2023-05-24 12:47:20'),(857,174,32,206836494,1,'2023-05-24 12:47:27'),(858,174,32,214909414,1,'2023-05-24 12:47:33'),(859,174,32,204051994,1,'2023-05-24 12:47:39'),(860,174,32,204052014,1,'2023-05-24 12:47:46'),(861,174,32,205300414,1,'2023-05-24 12:47:53'),(862,174,32,204051834,1,'2023-05-24 12:48:00'),(863,174,32,214909394,1,'2023-05-24 12:48:06'),(864,174,32,204051914,1,'2023-05-24 12:48:12'),(865,174,32,207336904,1,'2023-05-24 12:48:18'),(866,174,32,204051924,1,'2023-05-24 12:48:25'),(867,174,28,260668836,1,'2023-05-24 18:39:08'),(868,174,28,260668996,1,'2023-05-24 18:39:14'),(869,174,28,260672466,1,'2023-05-24 18:50:08'),(870,174,28,260672576,1,'2023-05-24 18:50:14'),(871,174,28,260789856,1,'2023-05-25 11:00:08'),(872,174,28,260789866,1,'2023-05-25 11:00:14'),(873,174,28,260789896,1,'2023-05-25 11:00:21'),(874,174,28,260790176,1,'2023-05-25 11:00:28'),(875,174,28,260790196,1,'2023-05-25 11:00:34'),(876,174,28,260790206,1,'2023-05-25 11:00:41'),(877,174,28,260788816,1,'2023-05-25 11:00:47'),(878,174,28,260788906,1,'2023-05-25 11:00:54'),(879,174,28,260788936,1,'2023-05-25 11:01:00'),(880,174,28,261995846,1,'2023-05-31 09:22:08'),(881,174,28,261995866,1,'2023-05-31 09:22:14'),(882,174,28,261995896,1,'2023-05-31 09:22:20'),(883,174,28,261995936,1,'2023-05-31 09:22:26'),(884,174,28,261996206,1,'2023-05-31 09:22:32'),(885,174,28,261996226,1,'2023-05-31 09:22:38'),(886,174,28,261996286,1,'2023-05-31 09:22:51'),(887,174,28,261995326,1,'2023-05-31 09:22:57'),(888,174,28,261995426,1,'2023-05-31 09:23:03'),(889,174,28,261995446,1,'2023-05-31 09:23:09'),(890,174,28,261995486,1,'2023-05-31 09:23:15'),(891,174,28,261995546,1,'2023-05-31 09:23:21'),(892,174,28,261996206,0,'2023-05-31 09:29:07'),(893,174,28,261996226,0,'2023-05-31 09:29:14'),(894,174,28,261996256,0,'2023-05-31 09:29:20'),(895,174,28,261996286,0,'2023-05-31 09:29:26'),(896,174,28,261997556,0,'2023-05-31 09:29:33'),(897,174,28,261997576,0,'2023-05-31 09:29:39'),(898,174,28,261997626,0,'2023-05-31 09:29:46'),(899,174,28,261997656,0,'2023-05-31 09:29:53'),(900,174,28,261997666,0,'2023-05-31 09:29:59'),(901,174,28,261997786,0,'2023-05-31 09:30:06'),(902,174,28,262692996,0,'2023-06-04 17:31:07'),(903,174,28,262693006,0,'2023-06-04 17:31:12'),(904,174,28,262693486,0,'2023-06-04 17:31:18'),(905,174,28,262693516,0,'2023-06-04 17:31:23'),(906,174,62,255265813,0,'2023-07-20 09:59:07'),(907,174,62,255265903,0,'2023-07-20 09:59:13'),(908,174,62,255266293,0,'2023-07-20 09:59:18'),(909,174,62,255266333,0,'2023-07-20 09:59:23'),(910,174,62,255267203,0,'2023-07-20 09:59:28'),(911,174,62,255267273,0,'2023-07-20 09:59:34'),(912,174,62,255267603,0,'2023-07-20 09:59:39'),(913,174,62,255267653,0,'2023-07-20 09:59:44'),(914,174,62,255503443,0,'2023-07-20 10:01:07'),(915,174,62,255503473,0,'2023-07-20 10:01:12'),(916,174,31,225165534,0,'2023-07-24 14:25:08'),(917,174,31,225165544,0,'2023-07-24 14:25:14'),(918,174,31,225165564,0,'2023-07-24 14:25:20'),(919,174,31,225165574,0,'2023-07-24 14:25:26'),(920,174,31,225166164,0,'2023-07-24 14:25:32'),(921,174,31,225166314,0,'2023-07-24 14:25:38'),(922,174,31,225166484,0,'2023-07-24 14:25:44'),(923,174,31,225166624,0,'2023-07-24 14:25:50'),(924,174,31,225166974,0,'2023-07-24 14:25:56'),(925,174,31,225166984,0,'2023-07-24 14:26:02'),(926,174,31,225166994,0,'2023-07-24 14:26:08'),(927,174,31,225167004,0,'2023-07-24 14:26:14'),(928,174,31,225167014,0,'2023-07-24 14:26:19'),(929,174,31,225167024,0,'2023-07-24 14:26:25'),(930,174,31,225167034,0,'2023-07-24 14:26:31'),(931,174,31,225167044,0,'2023-07-24 14:26:37'),(932,174,62,256699083,0,'2023-07-31 09:30:08'),(933,174,62,256699343,0,'2023-07-31 09:30:14'),(934,174,62,256699563,0,'2023-07-31 09:30:20'),(935,174,62,256699813,0,'2023-07-31 09:30:26'),(936,174,62,256699843,0,'2023-07-31 09:30:32'),(937,174,62,256699883,0,'2023-07-31 09:30:38'),(938,174,62,256700183,0,'2023-07-31 09:30:44'),(939,174,62,256700203,0,'2023-07-31 09:30:50'),(940,174,62,256700213,0,'2023-07-31 09:30:56'),(941,174,28,275484026,0,'2023-07-31 15:28:08'),(942,174,28,260672576,0,'2023-07-31 15:28:15'),(943,174,28,260672466,0,'2023-07-31 15:28:21'),(944,174,28,275484506,0,'2023-07-31 15:28:27'),(945,174,28,275484396,0,'2023-07-31 15:28:34'),(946,174,28,275483776,0,'2023-07-31 15:28:40'),(947,174,28,275483536,0,'2023-07-31 15:28:47'),(948,174,28,275483896,0,'2023-07-31 15:28:53'),(949,174,28,275484276,0,'2023-07-31 15:29:00'),(950,174,28,275484416,0,'2023-07-31 15:29:07'),(951,174,28,275486086,0,'2023-07-31 15:29:13'),(952,174,28,275486496,0,'2023-07-31 15:29:20'),(953,174,28,270640826,0,'2023-07-31 15:29:26'),(954,174,28,275485966,0,'2023-07-31 15:29:33'),(955,174,28,275486326,0,'2023-07-31 15:29:39'),(956,174,28,275486166,0,'2023-07-31 15:29:46'),(957,174,28,275485846,0,'2023-07-31 15:29:53'),(958,174,28,270641016,0,'2023-07-31 15:29:59'),(959,174,28,275486346,0,'2023-07-31 15:30:06'),(960,174,28,275486206,0,'2023-07-31 15:30:13'),(961,174,28,269840126,0,'2023-07-31 15:30:19'),(962,174,28,275484586,0,'2023-07-31 15:30:26'),(963,174,28,275485156,0,'2023-07-31 15:30:32'),(964,174,28,275485456,0,'2023-07-31 15:30:39'),(965,174,28,275484886,0,'2023-07-31 15:30:45'),(966,174,28,275485136,0,'2023-07-31 15:30:52'),(967,174,28,275484686,0,'2023-07-31 15:30:58'),(968,174,28,269840116,0,'2023-07-31 15:31:04'),(969,174,28,275484956,0,'2023-07-31 15:31:11'),(970,174,28,275485336,0,'2023-07-31 15:31:18'),(971,174,28,245750756,0,'2023-07-31 15:31:24'),(972,174,28,275478146,0,'2023-07-31 15:31:30'),(973,174,28,275479746,0,'2023-07-31 15:31:36'),(974,174,28,247360426,0,'2023-07-31 15:31:42'),(975,174,28,275479056,0,'2023-07-31 15:31:49'),(976,174,28,247360766,0,'2023-07-31 15:31:55'),(977,174,28,275479116,0,'2023-07-31 15:32:01'),(978,174,28,275477006,0,'2023-07-31 15:32:07'),(979,174,28,245673846,0,'2023-07-31 15:32:13'),(980,174,28,275479626,0,'2023-07-31 15:32:19'),(981,174,28,247360516,0,'2023-07-31 15:32:26'),(982,174,28,275476466,0,'2023-07-31 15:32:32'),(983,174,28,275478166,0,'2023-07-31 15:32:38'),(984,174,28,245750776,0,'2023-07-31 15:32:44'),(985,174,28,245673786,0,'2023-07-31 15:32:50'),(986,174,28,252983726,0,'2023-07-31 15:32:56'),(987,174,28,275487116,0,'2023-07-31 15:33:03'),(988,174,28,275487446,0,'2023-07-31 15:33:09'),(989,174,28,264393966,0,'2023-07-31 15:33:16'),(990,174,28,275487606,0,'2023-07-31 15:33:22'),(991,174,28,275487216,0,'2023-07-31 15:33:29'),(992,174,28,275487626,0,'2023-07-31 15:33:35'),(993,174,28,275487096,0,'2023-07-31 15:33:42'),(994,174,28,264393936,0,'2023-07-31 15:33:48'),(995,174,28,275480526,0,'2023-07-31 15:33:54'),(996,174,28,260668996,0,'2023-07-31 15:34:00'),(997,174,28,260668836,0,'2023-07-31 15:34:07'),(998,174,28,275480846,0,'2023-07-31 15:34:13'),(999,174,28,275480866,0,'2023-07-31 15:34:20'),(1000,174,28,275480426,0,'2023-07-31 15:34:26'),(1001,174,28,275480446,0,'2023-07-31 15:34:32'),(1002,174,28,275480406,0,'2023-07-31 15:34:39'),(1003,174,28,275480606,0,'2023-07-31 15:34:45'),(1004,174,28,275480776,0,'2023-07-31 15:34:52'),(1005,174,62,257038903,0,'2023-08-02 12:34:07'),(1006,174,62,257038923,0,'2023-08-02 12:34:12'),(1007,174,62,257038913,0,'2023-08-02 12:34:17'),(1008,174,62,257038223,0,'2023-08-02 12:34:23'),(1009,174,62,257038233,0,'2023-08-02 12:34:28'),(1010,174,62,257038253,0,'2023-08-02 12:34:34'),(1011,174,62,257038433,0,'2023-08-02 12:34:39'),(1012,174,62,257038443,0,'2023-08-02 12:34:44'),(1013,174,62,257038453,0,'2023-08-02 12:34:49'),(1014,174,63,281667043,0,'2023-09-06 15:51:06'),(1015,174,63,281659333,0,'2023-09-06 15:51:11'),(1016,174,63,281702133,0,'2023-09-06 15:51:15'),(1017,174,63,281676473,0,'2023-09-06 15:51:20'),(1018,174,63,281683453,0,'2023-09-06 15:51:24'),(1019,174,28,307272856,0,'2023-09-11 18:53:07'),(1020,174,28,307272986,0,'2023-09-11 18:53:12'),(1021,174,28,307292546,0,'2023-09-11 18:53:17'),(1022,174,28,307292586,0,'2023-09-11 18:53:22'),(1023,174,28,307320796,0,'2023-09-11 18:53:27'),(1024,174,28,307283056,0,'2023-09-11 18:53:33'),(1025,174,28,307292626,0,'2023-09-11 18:53:38'),(1026,174,28,307292636,0,'2023-09-11 18:53:43'),(1027,174,28,307301836,0,'2023-09-11 18:53:48'),(1028,174,28,307320926,0,'2023-09-11 18:53:54'),(1029,174,28,346148756,0,'2023-12-10 14:21:07'),(1030,174,28,346166636,0,'2023-12-10 14:21:12'),(1031,174,28,348194846,0,'2023-12-10 14:21:18'),(1032,174,28,348200826,0,'2023-12-10 14:21:23'),(1033,174,28,348200836,0,'2023-12-10 14:21:29'),(1034,174,28,348220526,0,'2023-12-10 14:21:34'),(1035,174,28,346158136,0,'2023-12-10 14:21:40'),(1036,174,28,346166626,0,'2023-12-10 14:21:45'),(1037,174,28,348185546,0,'2023-12-10 14:21:51'),(1038,174,28,348185566,0,'2023-12-10 14:21:56'),(1039,174,28,348200806,0,'2023-12-10 14:22:02'),(1040,174,28,348200816,0,'2023-12-10 14:22:07'),(1041,174,28,348210706,0,'2023-12-10 14:22:13'),(1042,174,28,348208266,0,'2023-12-11 15:48:07'),(1043,174,28,348208276,0,'2023-12-11 15:48:12'),(1044,174,28,348208286,0,'2023-12-11 15:48:18'),(1045,174,28,348218296,0,'2023-12-11 15:48:23'),(1046,174,28,348236406,0,'2023-12-11 15:48:29'),(1047,174,28,348245816,0,'2023-12-11 15:48:34'),(1048,174,28,348245826,0,'2023-12-11 15:48:40'),(1049,174,28,348253496,0,'2023-12-11 15:48:46'),(1050,174,28,348263236,0,'2023-12-11 15:48:51'),(1051,174,28,348208216,0,'2023-12-11 15:48:57'),(1052,174,28,348218276,0,'2023-12-11 15:49:02'),(1053,174,28,348218286,0,'2023-12-11 15:49:07'),(1054,174,28,348253466,0,'2023-12-11 15:49:14'),(1055,174,28,348263206,0,'2023-12-11 15:49:22'),(1056,174,28,348272786,0,'2023-12-11 15:49:27'),(1057,174,28,348272796,0,'2023-12-11 15:49:33'),(1058,174,28,348272806,0,'2023-12-11 15:49:38'),(1059,174,28,348281576,0,'2023-12-11 15:49:44'),(1060,174,28,348281586,0,'2023-12-11 15:49:50'),(1061,174,28,348281596,0,'2023-12-11 15:49:55'),(1062,174,28,348293476,0,'2023-12-11 20:21:08'),(1063,174,28,348312336,0,'2023-12-11 20:21:13'),(1064,174,28,348556666,0,'2023-12-13 16:56:07'),(1065,174,28,348556676,0,'2023-12-13 16:56:13'),(1066,174,28,348562426,0,'2023-12-13 16:56:19'),(1067,174,28,348572466,0,'2023-12-13 16:56:25'),(1068,174,28,348572476,0,'2023-12-13 16:56:30'),(1069,174,28,348572486,0,'2023-12-13 16:56:36'),(1070,174,28,348592336,0,'2023-12-13 16:56:41'),(1071,174,28,348592346,0,'2023-12-13 16:56:47'),(1072,174,28,348602306,0,'2023-12-13 16:56:53'),(1073,174,28,348556256,0,'2023-12-13 16:56:58'),(1074,174,28,348556266,0,'2023-12-13 16:57:04'),(1075,174,28,348556276,0,'2023-12-13 16:57:09'),(1076,174,28,348561946,0,'2023-12-13 16:57:15'),(1077,174,28,348561956,0,'2023-12-13 16:57:21'),(1078,174,28,348601876,0,'2023-12-13 16:57:27'),(1079,174,28,348611666,0,'2023-12-13 16:57:32'),(1080,174,28,348621386,0,'2023-12-13 16:57:38'),(1081,174,28,348621406,0,'2023-12-13 16:57:44'),(1082,174,28,348556676,0,'2023-12-14 11:08:07'),(1083,174,28,348562426,0,'2023-12-14 11:08:13'),(1084,174,28,348572476,0,'2023-12-14 11:08:18'),(1085,174,28,348592346,0,'2023-12-14 11:08:24'),(1086,174,28,348572486,0,'2023-12-14 11:08:29'),(1087,174,28,348556666,0,'2023-12-14 11:08:35'),(1088,174,28,348572466,0,'2023-12-14 11:08:40'),(1089,174,28,348602306,0,'2023-12-14 11:08:47'),(1090,174,28,348592336,0,'2023-12-14 11:08:52'),(1091,174,28,348561946,0,'2023-12-14 11:08:57'),(1092,174,28,348556256,0,'2023-12-14 11:09:03'),(1093,174,28,348601876,0,'2023-12-14 11:09:09'),(1094,174,28,348621406,0,'2023-12-14 11:09:14'),(1095,174,28,348621386,0,'2023-12-14 11:09:19'),(1096,174,28,348556266,0,'2023-12-14 11:09:25'),(1097,174,28,348561956,0,'2023-12-14 11:09:31'),(1098,174,28,348611666,0,'2023-12-14 11:09:36'),(1099,174,28,348556276,0,'2023-12-14 11:09:42'),(1100,174,62,340387293,0,'2023-12-18 13:29:07'),(1101,174,62,340394073,0,'2023-12-18 13:29:13'),(1102,174,62,340413363,0,'2023-12-18 13:29:19'),(1103,174,62,340413373,0,'2023-12-18 13:29:24'),(1104,174,62,340387143,0,'2023-12-18 13:29:30'),(1105,174,62,340387153,0,'2023-12-18 13:29:35'),(1106,174,62,340404243,0,'2023-12-18 13:29:41'),(1107,174,62,340404253,0,'2023-12-18 13:29:47'),(1108,174,62,340451103,0,'2023-12-18 13:29:53'),(1109,174,62,340432523,0,'2023-12-18 13:29:59'),(1110,174,62,340394333,0,'2023-12-18 13:30:05'),(1111,174,62,340404173,0,'2023-12-18 13:30:10'),(1112,174,62,340422803,0,'2023-12-18 13:30:16'),(1113,174,62,340441093,0,'2023-12-18 13:30:22'),(1114,174,62,340441133,0,'2023-12-18 13:30:28'),(1115,174,28,348572466,0,'2023-12-21 15:20:08'),(1116,174,28,348592346,0,'2023-12-21 15:20:14'),(1117,174,28,348572486,0,'2023-12-21 15:20:20'),(1118,174,28,348556676,0,'2023-12-21 15:20:26'),(1119,174,28,348562426,0,'2023-12-21 15:20:32'),(1120,174,28,348602306,0,'2023-12-21 15:20:38'),(1121,174,28,348592336,0,'2023-12-21 15:20:44'),(1122,174,28,348787106,0,'2023-12-21 15:20:50'),(1123,174,28,348757126,0,'2023-12-21 15:20:56'),(1124,174,28,348556666,0,'2023-12-21 15:21:02'),(1125,174,28,348572476,0,'2023-12-21 15:21:08'),(1126,174,28,348556276,0,'2023-12-21 15:21:14'),(1127,174,28,348757136,0,'2023-12-21 15:21:20'),(1128,174,28,348556266,0,'2023-12-21 15:21:26'),(1129,174,28,348601876,0,'2023-12-21 15:21:32'),(1130,174,28,348621386,0,'2023-12-21 15:21:38'),(1131,174,28,348556256,0,'2023-12-21 15:21:44'),(1132,174,28,348561946,0,'2023-12-21 15:21:50'),(1133,174,28,348561956,0,'2023-12-21 15:21:56'),(1134,174,28,348792026,0,'2023-12-21 15:22:02'),(1135,174,28,348621406,0,'2023-12-21 15:22:08'),(1136,174,28,348611666,0,'2023-12-21 15:22:14'),(1137,174,28,353048826,0,'2024-01-04 16:06:07'),(1138,174,28,353048836,0,'2024-01-04 16:06:13'),(1139,174,28,353064726,0,'2024-01-04 16:06:19'),(1140,174,28,353091796,0,'2024-01-04 16:06:24'),(1141,174,28,353091806,0,'2024-01-04 16:06:30'),(1142,174,28,353101436,0,'2024-01-04 16:06:36'),(1143,174,28,353111096,0,'2024-01-04 16:06:42'),(1144,174,28,353064676,0,'2024-01-04 16:06:47'),(1145,174,28,353064686,0,'2024-01-04 16:06:53'),(1146,174,28,353072926,0,'2024-01-04 16:06:59'),(1147,174,28,353082276,0,'2024-01-04 16:07:05'),(1148,174,28,353082286,0,'2024-01-04 16:07:10'),(1149,174,28,353101346,0,'2024-01-04 16:07:16'),(1150,174,28,353111036,0,'2024-01-04 16:07:22'),(1151,174,28,353111046,0,'2024-01-04 16:07:28'),(1152,174,28,353120146,0,'2024-01-04 16:07:34'),(1153,174,28,353120156,0,'2024-01-04 16:07:39');
/*!40000 ALTER TABLE `utm_parameter_update` ENABLE KEYS */;
UNLOCK TABLES;
/*!40103 SET TIME_ZONE=@OLD_TIME_ZONE */;

/*!40101 SET SQL_MODE=@OLD_SQL_MODE */;
/*!40014 SET FOREIGN_KEY_CHECKS=@OLD_FOREIGN_KEY_CHECKS */;
/*!40014 SET UNIQUE_CHECKS=@OLD_UNIQUE_CHECKS */;
/*!40101 SET CHARACTER_SET_CLIENT=@OLD_CHARACTER_SET_CLIENT */;
/*!40101 SET CHARACTER_SET_RESULTS=@OLD_CHARACTER_SET_RESULTS */;
/*!40101 SET COLLATION_CONNECTION=@OLD_COLLATION_CONNECTION */;
/*!40111 SET SQL_NOTES=@OLD_SQL_NOTES */;

-- Dump completed on 2024-01-05  9:57:48
